metric,score,lang,partition,task
precision,0.856379739841281,pcm,fraction_lo,masakhapos
recall,0.8571523266604799,pcm,fraction_lo,masakhapos
f1,0.8567658590812793,pcm,fraction_lo,masakhapos
precision,0.7371331348362399,pcm,fraction_lo,masakhaner2
recall,0.7405982905982906,pcm,fraction_lo,masakhaner2
f1,0.7388616499680237,pcm,fraction_lo,masakhaner2
precision,0.5604855465103453,pcm,fraction_lo,AfriSenti-Twitter
recall,0.6283100625902744,pcm,fraction_lo,AfriSenti-Twitter
f1,0.5924630039225733,pcm,fraction_lo,AfriSenti-Twitter
precision,0.9114365114167806,ha,fraction_lo,masakhapos
recall,0.9112406867508909,ha,fraction_lo,masakhapos
f1,0.9113385885643372,ha,fraction_lo,masakhapos
precision,0.7958894401133948,ha,fraction_lo,masakhaner2
recall,0.8199075200778778,ha,fraction_lo,masakhaner2
f1,0.8077199712299208,ha,fraction_lo,masakhaner2
precision,0.7345875801579841,ha,fraction_lo,AfriSenti-Twitter
recall,0.7333584763341505,ha,fraction_lo,AfriSenti-Twitter
f1,0.7339725136848534,ha,fraction_lo,AfriSenti-Twitter
precision,0.8220714087051205,ig,fraction_lo,masakhapos
recall,0.7802402839719669,ig,fraction_lo,masakhapos
f1,0.8006098093207656,ig,fraction_lo,masakhapos
precision,0.8198066217404043,ig,fraction_lo,masakhaner2
recall,0.863313792039494,ig,fraction_lo,masakhaner2
f1,0.8409978960024045,ig,fraction_lo,masakhaner2
precision,0.748757090307073,ig,fraction_lo,AfriSenti-Twitter
recall,0.7343834872351983,ig,fraction_lo,AfriSenti-Twitter
f1,0.7415006391140511,ig,fraction_lo,AfriSenti-Twitter
precision,0.9116223830498517,sw,fraction_lo,masakhapos
recall,0.9157023765086475,sw,fraction_lo,masakhapos
f1,0.9136578249384811,sw,fraction_lo,masakhapos
precision,0.8783843763870395,sw,fraction_lo,masakhaner2
recall,0.9140877598152425,sw,fraction_lo,masakhaner2
f1,0.8958804889090085,sw,fraction_lo,masakhaner2
precision,0.562630483125954,sw,fraction_lo,AfriSenti-Twitter
recall,0.6029411764705882,sw,fraction_lo,AfriSenti-Twitter
f1,0.5820887675522279,sw,fraction_lo,AfriSenti-Twitter
precision,0.9273149232798015,yo,fraction_lo,masakhapos
recall,0.9273733356389418,yo,fraction_lo,masakhapos
f1,0.9273441285395395,yo,fraction_lo,masakhapos
precision,0.8228962818003914,yo,fraction_lo,masakhaner2
recall,0.8372324539571926,yo,fraction_lo,masakhaner2
f1,0.8300024673081668,yo,fraction_lo,masakhaner2
precision,0.6925615778220355,yo,fraction_lo,AfriSenti-Twitter
recall,0.6500553709856035,yo,fraction_lo,AfriSenti-Twitter
f1,0.6706356177036168,yo,fraction_lo,AfriSenti-Twitter
precision,0.7481211608949075,am,fraction_lo,AfriSenti-Twitter
recall,0.3536768384192096,am,fraction_lo,AfriSenti-Twitter
f1,0.4802933516026208,am,fraction_lo,AfriSenti-Twitter
precision,0.8640428352517078,sn,fraction_lo,masakhapos
recall,0.8729912875121006,sn,fraction_lo,masakhapos
f1,0.8684940120943838,sn,fraction_lo,masakhapos
precision,0.8918305597579426,sn,fraction_lo,masakhaner2
recall,0.9175097276264591,sn,fraction_lo,masakhaner2
f1,0.904487917146145,sn,fraction_lo,masakhaner2
precision,0.8710484688595047,zu,fraction_lo,masakhapos
recall,0.8745663486556808,zu,fraction_lo,masakhapos
f1,0.8728038640242025,zu,fraction_lo,masakhapos
precision,0.8026973026973027,zu,fraction_lo,masakhaner2
recall,0.8374153204794164,zu,fraction_lo,masakhaner2
f1,0.8196888548839583,zu,fraction_lo,masakhaner2
precision,0.42269497211360196,ary,fraction_lo,AfriSenti-Twitter
recall,0.3674434312732185,ary,fraction_lo,AfriSenti-Twitter
f1,0.39313743078330676,ary,fraction_lo,AfriSenti-Twitter
precision,0.9648885470795744,rw,fraction_lo,masakhapos
recall,0.9657752120640904,rw,fraction_lo,masakhapos
f1,0.965331675969628,rw,fraction_lo,masakhapos
precision,0.7568909858455426,rw,fraction_lo,masakhaner2
recall,0.806135942872256,rw,fraction_lo,masakhaner2
f1,0.7807377049180328,rw,fraction_lo,masakhaner2
precision,0.6027920483164882,rw,fraction_lo,AfriSenti-Twitter
recall,0.5818713450292398,rw,fraction_lo,AfriSenti-Twitter
f1,0.5921469708560237,rw,fraction_lo,AfriSenti-Twitter
precision,0.8201380272443287,tw,fraction_lo,masakhapos
recall,0.827503862902093,tw,fraction_lo,masakhapos
f1,0.823804480471509,tw,fraction_lo,masakhapos
precision,0.7214377406931964,tw,fraction_lo,masakhaner2
recall,0.7646258503401361,tw,fraction_lo,masakhaner2
f1,0.7424042272126816,tw,fraction_lo,masakhaner2
precision,0.6238601307916702,tw,fraction_lo,AfriSenti-Twitter
recall,0.6364594309799789,tw,fraction_lo,AfriSenti-Twitter
f1,0.63009680385601,tw,fraction_lo,AfriSenti-Twitter
precision,0.894676529166407,lg,fraction_lo,masakhapos
recall,0.9005154639175258,lg,fraction_lo,masakhapos
f1,0.8975865008559453,lg,fraction_lo,masakhapos
precision,0.8021052631578948,lg,fraction_lo,masakhaner2
recall,0.8403176003528893,lg,fraction_lo,masakhaner2
f1,0.8207669108143042,lg,fraction_lo,masakhaner2
precision,0.923293993554631,wo,fraction_lo,masakhapos
recall,0.9242546333601934,wo,fraction_lo,masakhapos
f1,0.9237740637132857,wo,fraction_lo,masakhapos
precision,0.6842737094837935,wo,fraction_lo,masakhaner2
recall,0.7495069033530573,wo,fraction_lo,masakhaner2
f1,0.7154063382491372,wo,fraction_lo,masakhaner2
precision,0.8808895273803976,tn,fraction_lo,masakhapos
recall,0.8835359544749095,tn,fraction_lo,masakhapos
f1,0.8822107562656664,tn,fraction_lo,masakhapos
precision,0.7473749227918468,tn,fraction_lo,masakhaner2
recall,0.8034528552456839,tn,fraction_lo,masakhaner2
f1,0.7743999999999999,tn,fraction_lo,masakhaner2
precision,0.7971528955608413,ny,fraction_lo,masakhapos
recall,0.8012833570992055,ny,fraction_lo,masakhapos
f1,0.7992127896415908,ny,fraction_lo,masakhapos
precision,0.8668793503480279,ny,fraction_lo,masakhaner2
recall,0.865874855156431,ny,fraction_lo,masakhaner2
f1,0.866376811594203,ny,fraction_lo,masakhaner2
precision,0.8877785720818971,ee,fraction_lo,masakhapos
recall,0.8834303157493084,ee,fraction_lo,masakhapos
f1,0.8855991065064288,ee,fraction_lo,masakhapos
precision,0.7474980754426482,ee,fraction_lo,masakhaner2
recall,0.82991452991453,ee,fraction_lo,masakhaner2
f1,0.7865532604293236,ee,fraction_lo,masakhaner2
precision,0.8894589428204979,bm,fraction_lo,masakhapos
recall,0.8925790349417637,bm,fraction_lo,masakhapos
f1,0.8910162574649189,bm,fraction_lo,masakhapos
precision,0.7444717444717445,bm,fraction_lo,masakhaner2
recall,0.6954858454475898,bm,fraction_lo,masakhaner2
f1,0.7191455696202531,bm,fraction_lo,masakhaner2
precision,0.5156847124261832,ts,fraction_lo,AfriSenti-Twitter
recall,0.5590551181102362,ts,fraction_lo,AfriSenti-Twitter
f1,0.5364948234386548,ts,fraction_lo,AfriSenti-Twitter
precision,0.8803712808236481,fon,fraction_lo,masakhapos
recall,0.8810307295094416,fon,fraction_lo,masakhapos
f1,0.8807008817215372,fon,fraction_lo,masakhapos
precision,0.6799719887955182,fon,fraction_lo,masakhaner2
recall,0.7434915773353752,fon,fraction_lo,masakhaner2
f1,0.7103145574250183,fon,fraction_lo,masakhaner2
precision,0.7330795262267343,pcm,entropy_lo,masakhaner2
recall,0.7405982905982906,pcm,entropy_lo,masakhaner2
f1,0.7368197278911565,pcm,entropy_lo,masakhaner2
precision,0.8584968529208687,pcm,entropy_lo,masakhapos
recall,0.8586769189977462,pcm,entropy_lo,masakhapos
f1,0.8585868765182735,pcm,entropy_lo,masakhapos
precision,0.8864104196509098,pcm,entropy_lo,masakhanews
recall,0.8918032786885246,pcm,entropy_lo,masakhanews
f1,0.889098671601232,pcm,entropy_lo,masakhanews
precision,0.5694566382701874,pcm,entropy_lo,AfriSenti-Twitter
recall,0.6297544535387578,pcm,entropy_lo,AfriSenti-Twitter
f1,0.5980896215809749,pcm,entropy_lo,AfriSenti-Twitter
precision,0.8078478002378121,ha,entropy_lo,masakhaner2
recall,0.8267218301289851,ha,entropy_lo,masakhaner2
f1,0.817175847967284,ha,entropy_lo,masakhaner2
precision,0.9149660493702172,ha,entropy_lo,masakhapos
recall,0.9156462585034013,ha,entropy_lo,masakhapos
f1,0.915306027562573,ha,entropy_lo,masakhapos
precision,0.8583134130291008,ha,entropy_lo,masakhanews
recall,0.858712715855573,ha,entropy_lo,masakhanews
f1,0.8585130180124241,ha,entropy_lo,masakhanews
precision,0.7335533169388799,ha,entropy_lo,sib200
recall,0.7058823529411765,ha,entropy_lo,sib200
f1,0.7194518688171289,ha,entropy_lo,sib200
precision,0.7114007376582575,ha,entropy_lo,AfriSenti-Twitter
recall,0.6818781821610409,ha,entropy_lo,AfriSenti-Twitter
f1,0.6963266792916809,ha,entropy_lo,AfriSenti-Twitter
precision,0.8238133547868061,ha,entropy_lo,masakhaner
recall,0.89198606271777,ha,entropy_lo,masakhaner
f1,0.8565453785027185,ha,entropy_lo,masakhaner
precision,0.8276068120705109,ig,entropy_lo,masakhaner2
recall,0.8546744831842024,ig,entropy_lo,masakhaner2
f1,0.840922890103218,ig,entropy_lo,masakhaner2
precision,0.8240029382015932,ig,entropy_lo,masakhapos
recall,0.7821971420770001,ig,entropy_lo,masakhapos
f1,0.8025559844481438,ig,entropy_lo,masakhapos
precision,0.8575221737688581,ig,entropy_lo,masakhanews
recall,0.8538461538461538,ig,entropy_lo,masakhanews
f1,0.8556802157612982,ig,entropy_lo,masakhanews
precision,0.7285677495240296,ig,entropy_lo,sib200
recall,0.7254901960784313,ig,entropy_lo,sib200
f1,0.7270257159381739,ig,entropy_lo,sib200
precision,0.7558916625564653,ig,entropy_lo,AfriSenti-Twitter
recall,0.7284084736556219,ig,entropy_lo,AfriSenti-Twitter
f1,0.7418956297839915,ig,entropy_lo,AfriSenti-Twitter
precision,0.7919028340080971,ig,entropy_lo,masakhaner
recall,0.8295165394402035,ig,entropy_lo,masakhaner
f1,0.8102734051367025,ig,entropy_lo,masakhaner
precision,0.875,sw,entropy_lo,masakhaner2
recall,0.9198614318706697,sw,entropy_lo,masakhaner2
f1,0.8968700743075884,sw,entropy_lo,masakhaner2
precision,0.9008502369677759,sw,entropy_lo,masakhapos
recall,0.9106631827796442,sw,entropy_lo,masakhapos
f1,0.9057301315706024,sw,entropy_lo,masakhapos
precision,0.8324589661249846,sw,entropy_lo,masakhanews
recall,0.8277310924369747,sw,entropy_lo,masakhanews
f1,0.8300882972837922,sw,entropy_lo,masakhanews
precision,0.7367908847688259,sw,entropy_lo,sib200
recall,0.7205882352941176,sw,entropy_lo,sib200
f1,0.7285994922356642,sw,entropy_lo,sib200
precision,0.5794612032847326,sw,entropy_lo,AfriSenti-Twitter
recall,0.5922459893048129,sw,entropy_lo,AfriSenti-Twitter
f1,0.5857838473188285,sw,entropy_lo,AfriSenti-Twitter
precision,0.8133016627078384,yo,entropy_lo,masakhaner2
recall,0.852165256346441,yo,entropy_lo,masakhaner2
f1,0.8322800194457948,yo,entropy_lo,masakhaner2
precision,0.9232707747407713,yo,entropy_lo,masakhapos
recall,0.9265087324917862,yo,entropy_lo,masakhapos
f1,0.9248869196648926,yo,entropy_lo,masakhapos
precision,0.8619771801341782,yo,entropy_lo,masakhanews
recall,0.8588807785888077,yo,entropy_lo,masakhanews
f1,0.8604261936282249,yo,entropy_lo,masakhanews
precision,0.6823931128959592,yo,entropy_lo,sib200
recall,0.5931372549019608,yo,entropy_lo,sib200
f1,0.6346423228572435,yo,entropy_lo,sib200
precision,0.6851406734076725,yo,entropy_lo,AfriSenti-Twitter
recall,0.6560354374307863,yo,entropy_lo,AfriSenti-Twitter
f1,0.6702722450068517,yo,entropy_lo,AfriSenti-Twitter
precision,0.6791699920191541,yo,entropy_lo,masakhaner
recall,0.7537643932683791,yo,entropy_lo,masakhaner
f1,0.7145256087321579,yo,entropy_lo,masakhaner
precision,0.866682301805494,am,entropy_lo,masakhanews
recall,0.8430851063829787,am,entropy_lo,masakhanews
f1,0.8547208668483217,am,entropy_lo,masakhanews
precision,0.7500827009384115,am,entropy_lo,AfriSenti-Twitter
recall,0.16908454227113556,am,entropy_lo,AfriSenti-Twitter
f1,0.2759615099224221,am,entropy_lo,AfriSenti-Twitter
precision,0.48868778280542985,am,entropy_lo,masakhaner
recall,0.5806451612903226,am,entropy_lo,masakhaner
f1,0.5307125307125308,am,entropy_lo,masakhaner
precision,0.8977272727272727,sn,entropy_lo,masakhaner2
recall,0.9221789883268483,sn,entropy_lo,masakhaner2
f1,0.9097888675623801,sn,entropy_lo,masakhaner2
precision,0.8634163013670576,sn,entropy_lo,masakhapos
recall,0.8724104549854792,sn,entropy_lo,masakhapos
f1,0.8678900766575494,sn,entropy_lo,masakhapos
precision,0.8742227153942348,sn,entropy_lo,masakhanews
recall,0.8726287262872628,sn,entropy_lo,masakhanews
f1,0.8734249935890741,sn,entropy_lo,masakhanews
precision,0.47179471795118966,sn,entropy_lo,sib200
recall,0.49019607843137253,sn,entropy_lo,sib200
f1,0.48081940374892523,sn,entropy_lo,sib200
precision,0.7758024691358024,zu,entropy_lo,masakhaner2
recall,0.8186555497655029,zu,entropy_lo,masakhaner2
f1,0.7966531440162272,zu,entropy_lo,masakhaner2
precision,0.858422445613294,zu,entropy_lo,masakhapos
recall,0.8704466608846487,zu,entropy_lo,masakhapos
f1,0.8643927392815783,zu,entropy_lo,masakhapos
precision,0.6498703024381407,zu,entropy_lo,sib200
recall,0.6372549019607843,zu,entropy_lo,sib200
f1,0.6435007790261379,zu,entropy_lo,sib200
precision,0.5817205301092769,ary,entropy_lo,sib200
recall,0.5637254901960784,ary,entropy_lo,sib200
f1,0.5725816584627084,ary,entropy_lo,sib200
precision,0.4218748234769075,ary,entropy_lo,AfriSenti-Twitter
recall,0.3725092874029044,ary,entropy_lo,AfriSenti-Twitter
f1,0.3956581903244678,ary,entropy_lo,AfriSenti-Twitter
precision,0.6835248306741334,so,entropy_lo,masakhanews
recall,0.6836734693877551,so,entropy_lo,masakhanews
f1,0.6835991419511116,so,entropy_lo,masakhanews
precision,0.7195894676153628,so,entropy_lo,sib200
recall,0.7156862745098039,so,entropy_lo,sib200
f1,0.717632563749162,so,entropy_lo,sib200
precision,0.7332347140039448,rw,entropy_lo,masakhaner2
recall,0.7865644009521291,rw,entropy_lo,masakhaner2
f1,0.7589638892433329,rw,entropy_lo,masakhaner2
precision,0.9593026712270355,rw,entropy_lo,masakhapos
recall,0.9601201696512723,rw,entropy_lo,masakhapos
f1,0.9597112463494069,rw,entropy_lo,masakhapos
precision,0.7154323732192508,rw,entropy_lo,sib200
recall,0.7058823529411765,rw,entropy_lo,sib200
f1,0.7106252790928909,rw,entropy_lo,sib200
precision,0.587829845249829,rw,entropy_lo,AfriSenti-Twitter
recall,0.5877192982456141,rw,entropy_lo,AfriSenti-Twitter
f1,0.5877745665498784,rw,entropy_lo,AfriSenti-Twitter
precision,0.5756802721088435,rw,entropy_lo,masakhaner
recall,0.6993801652892562,rw,entropy_lo,masakhaner
f1,0.6315298507462686,rw,entropy_lo,masakhaner
precision,0.7179161372299873,tw,entropy_lo,masakhaner2
recall,0.7687074829931972,tw,entropy_lo,masakhaner2
f1,0.7424441524310118,tw,entropy_lo,masakhaner2
precision,0.8188853147575669,tw,entropy_lo,masakhapos
recall,0.8264503441494592,tw,entropy_lo,masakhapos
f1,0.8226504379658277,tw,entropy_lo,masakhapos
precision,0.6410274699231289,tw,entropy_lo,sib200
recall,0.6421568627450981,tw,entropy_lo,sib200
f1,0.6415916693173895,tw,entropy_lo,sib200
precision,0.6270148137225856,tw,entropy_lo,AfriSenti-Twitter
recall,0.6375131717597471,tw,entropy_lo,AfriSenti-Twitter
f1,0.6322204130328712,tw,entropy_lo,AfriSenti-Twitter
precision,0.7599306335360243,ln,entropy_lo,masakhanews
recall,0.7714285714285715,ln,entropy_lo,masakhanews
f1,0.7656364373727168,ln,entropy_lo,masakhanews
precision,0.5171303133785958,ln,entropy_lo,sib200
recall,0.5392156862745098,ln,entropy_lo,sib200
f1,0.5279421267527155,ln,entropy_lo,sib200
precision,0.8185745140388769,lg,entropy_lo,masakhaner2
recall,0.8359064843405382,lg,entropy_lo,masakhaner2
f1,0.8271497162811,lg,entropy_lo,masakhaner2
precision,0.889090118523332,lg,entropy_lo,masakhapos
recall,0.8955670103092783,lg,entropy_lo,masakhapos
f1,0.8923168114228227,lg,entropy_lo,masakhapos
precision,0.8761276707992613,lg,entropy_lo,masakhanews
recall,0.874439461883408,lg,entropy_lo,masakhanews
f1,0.8752827523053316,lg,entropy_lo,masakhanews
precision,0.5189989461968363,lg,entropy_lo,sib200
recall,0.5098039215686274,lg,entropy_lo,sib200
f1,0.5143603431740245,lg,entropy_lo,sib200
precision,0.6945031712473573,lg,entropy_lo,masakhaner
recall,0.7711267605633803,lg,entropy_lo,masakhaner
f1,0.7308120133481646,lg,entropy_lo,masakhaner
precision,0.7003610108303249,wo,entropy_lo,masakhaner2
recall,0.7652859960552268,wo,entropy_lo,masakhaner2
f1,0.7313854853911403,wo,entropy_lo,masakhaner2
precision,0.9226507026187349,wo,entropy_lo,masakhapos
recall,0.9235639461263958,wo,entropy_lo,masakhapos
f1,0.9231070985012928,wo,entropy_lo,masakhapos
precision,0.45405623197322115,wo,entropy_lo,sib200
recall,0.45098039215686275,wo,entropy_lo,sib200
f1,0.452513085320442,wo,entropy_lo,sib200
precision,0.4638655462184874,wo,entropy_lo,masakhaner
recall,0.5433070866141733,wo,entropy_lo,masakhaner
f1,0.500453309156845,wo,entropy_lo,masakhaner
precision,0.7813751364346876,om,entropy_lo,masakhanews
recall,0.7815384615384615,om,entropy_lo,masakhanews
f1,0.7814567904528048,om,entropy_lo,masakhanews
precision,0.7365158090514569,tn,entropy_lo,masakhaner2
recall,0.7888446215139442,tn,entropy_lo,masakhaner2
f1,0.76178262263546,tn,entropy_lo,masakhaner2
precision,0.8817369836064185,tn,entropy_lo,masakhapos
recall,0.8835359544749095,tn,entropy_lo,masakhapos
f1,0.8826355523846285,tn,entropy_lo,masakhapos
precision,0.5717027014567583,tn,entropy_lo,sib200
recall,0.5980392156862745,tn,entropy_lo,sib200
f1,0.584574477795887,tn,entropy_lo,sib200
precision,0.8549356223175966,ny,entropy_lo,masakhaner2
recall,0.86558516801854,ny,entropy_lo,masakhaner2
f1,0.8602274363034403,ny,entropy_lo,masakhaner2
precision,0.790378083314508,ny,entropy_lo,masakhapos
recall,0.800977795885109,ny,entropy_lo,masakhapos
f1,0.7956426382859892,ny,entropy_lo,masakhapos
precision,0.5656564014494686,ny,entropy_lo,sib200
recall,0.5588235294117647,ny,entropy_lo,sib200
f1,0.5622192055490917,ny,entropy_lo,sib200
precision,0.7483647556752597,ee,entropy_lo,masakhaner2
recall,0.8311965811965812,ee,entropy_lo,masakhaner2
f1,0.7876088276979145,ee,entropy_lo,masakhaner2
precision,0.8837401097786143,ee,entropy_lo,masakhapos
recall,0.8786606887341409,ee,entropy_lo,masakhapos
f1,0.881193079548463,ee,entropy_lo,masakhapos
precision,0.5809606051574738,ee,entropy_lo,sib200
recall,0.5784313725490197,ee,entropy_lo,sib200
f1,0.5796932300720448,ee,entropy_lo,sib200
precision,0.7122026093630084,bm,entropy_lo,masakhaner2
recall,0.7100229533282326,bm,entropy_lo,masakhaner2
f1,0.711111111111111,bm,entropy_lo,masakhaner2
precision,0.8889868389234209,bm,entropy_lo,masakhapos
recall,0.8921797004991681,bm,entropy_lo,masakhapos
f1,0.8905804080010568,bm,entropy_lo,masakhapos
precision,0.45219261867665606,bm,entropy_lo,sib200
recall,0.46568627450980393,bm,entropy_lo,sib200
f1,0.45884026207711626,bm,entropy_lo,sib200
precision,0.5288270630505312,ts,entropy_lo,sib200
recall,0.5196078431372549,ts,entropy_lo,sib200
f1,0.5241769193348073,ts,entropy_lo,sib200
precision,0.512639867384998,ts,entropy_lo,AfriSenti-Twitter
recall,0.5433070866141733,ts,entropy_lo,AfriSenti-Twitter
f1,0.527528152387545,ts,entropy_lo,AfriSenti-Twitter
precision,0.6933763134046546,rn,entropy_lo,masakhanews
recall,0.7018633540372671,rn,entropy_lo,masakhanews
f1,0.6975940210020494,rn,entropy_lo,masakhanews
precision,0.4986053343896481,rn,entropy_lo,sib200
recall,0.47058823529411764,rn,entropy_lo,sib200
f1,0.4841918307304019,rn,entropy_lo,sib200
precision,0.7242647058823529,fon,entropy_lo,masakhaner2
recall,0.7542113323124043,fon,entropy_lo,masakhaner2
f1,0.7389347336834209,fon,entropy_lo,masakhaner2
precision,0.8783759525740322,fon,entropy_lo,masakhapos
recall,0.8796638485293373,fon,entropy_lo,masakhapos
f1,0.8790194288115141,fon,entropy_lo,masakhapos
precision,0.4470673491871066,fon,entropy_lo,sib200
recall,0.45098039215686275,fon,entropy_lo,sib200
f1,0.4490153455654796,fon,entropy_lo,sib200
precision,0.6200306303430523,ti,entropy_lo,masakhanews
recall,0.6213235294117647,ti,entropy_lo,masakhanews
f1,0.6206764065852667,ti,entropy_lo,masakhanews
precision,0.3593325166096231,ti,entropy_lo,sib200
recall,0.37254901960784315,ti,entropy_lo,sib200
f1,0.3658214346217834,ti,entropy_lo,sib200
precision,0.575231012567234,pcm,pre_filtered,AfriSenti-Twitter
recall,0.6391429947038999,pcm,pre_filtered,AfriSenti-Twitter
f1,0.6055051735584327,pcm,pre_filtered,AfriSenti-Twitter
precision,0.7360941940722696,pcm,pre_filtered,masakhaner2
recall,0.7747863247863248,pcm,pre_filtered,masakhaner2
f1,0.7549448261503227,pcm,pre_filtered,masakhaner2
precision,0.910270606706768,pcm,pre_filtered,masakhanews
recall,0.9114754098360656,pcm,pre_filtered,masakhanews
f1,0.9108726098759854,pcm,pre_filtered,masakhanews
precision,0.8580525893458846,pcm,pre_filtered,masakhapos
recall,0.8627204030226701,pcm,pre_filtered,masakhapos
f1,0.8603801651677465,pcm,pre_filtered,masakhapos
precision,0.8364222401289283,ha,pre_filtered,masakhaner
recall,0.9041811846689896,ha,pre_filtered,masakhaner
f1,0.8689828380075345,ha,pre_filtered,masakhaner
precision,0.727673659711906,ha,pre_filtered,AfriSenti-Twitter
recall,0.7026211578351876,ha,pre_filtered,AfriSenti-Twitter
f1,0.7149280037101351,ha,pre_filtered,AfriSenti-Twitter
precision,0.8080304110239962,ha,pre_filtered,masakhaner2
recall,0.8276953029934291,ha,pre_filtered,masakhaner2
f1,0.8177446501562876,ha,pre_filtered,masakhaner2
precision,0.8589418461985504,ha,pre_filtered,masakhanews
recall,0.858712715855573,ha,pre_filtered,masakhanews
f1,0.8588272657443864,ha,pre_filtered,masakhanews
precision,0.9106110673819712,ha,pre_filtered,masakhapos
recall,0.9100745059928733,ha,pre_filtered,masakhapos
f1,0.9103427076243131,ha,pre_filtered,masakhapos
precision,0.35171875158829924,ha,pre_filtered,afrixnli
recall,0.415,ha,pre_filtered,afrixnli
f1,0.38074791207799047,ha,pre_filtered,afrixnli
precision,0.8086061050642028,ha,pre_filtered,sib200
recall,0.7990196078431373,ha,pre_filtered,sib200
f1,0.8037842736410689,ha,pre_filtered,sib200
precision,0.815028901734104,ig,pre_filtered,masakhaner
recall,0.8371501272264631,ig,pre_filtered,masakhaner
f1,0.8259414225941422,ig,pre_filtered,masakhaner
precision,0.7482948246807467,ig,pre_filtered,AfriSenti-Twitter
recall,0.7395437262357415,ig,pre_filtered,AfriSenti-Twitter
f1,0.7438935395596995,ig,pre_filtered,AfriSenti-Twitter
precision,0.8386411889596603,ig,pre_filtered,masakhaner2
recall,0.8531317494600432,ig,pre_filtered,masakhaner2
f1,0.8458244111349036,ig,pre_filtered,masakhaner2
precision,0.8531123409867877,ig,pre_filtered,masakhanews
recall,0.8461538461538461,ig,pre_filtered,masakhanews
f1,0.849618846052563,ig,pre_filtered,masakhanews
precision,0.8263426998506416,ig,pre_filtered,masakhapos
recall,0.7856557750068263,ig,pre_filtered,masakhapos
f1,0.8054857673854721,ig,pre_filtered,masakhapos
precision,0.4147648796107884,ig,pre_filtered,afrixnli
recall,0.4066666666666667,ig,pre_filtered,afrixnli
f1,0.41067585438153736,ig,pre_filtered,afrixnli
precision,0.775565210932858,ig,pre_filtered,sib200
recall,0.7647058823529411,ig,pre_filtered,sib200
f1,0.7700972660383616,ig,pre_filtered,sib200
precision,0.5772250194706277,sw,pre_filtered,AfriSenti-Twitter
recall,0.6016042780748663,sw,pre_filtered,AfriSenti-Twitter
f1,0.5891625561876161,sw,pre_filtered,AfriSenti-Twitter
precision,0.8772007042253521,sw,pre_filtered,masakhaner2
recall,0.920554272517321,sw,pre_filtered,masakhaner2
f1,0.8983547441965292,sw,pre_filtered,masakhaner2
precision,0.8135788298003185,sw,pre_filtered,masakhanews
recall,0.8088235294117647,sw,pre_filtered,masakhanews
f1,0.8111942106560591,sw,pre_filtered,masakhanews
precision,0.9038006345436718,sw,pre_filtered,masakhapos
recall,0.9140226452656464,sw,pre_filtered,masakhapos
f1,0.9088828996238076,sw,pre_filtered,masakhapos
precision,0.7901025982240404,sw,pre_filtered,sib200
recall,0.7843137254901961,sw,pre_filtered,sib200
f1,0.7871975194853948,sw,pre_filtered,sib200
precision,0.6959937156323645,yo,pre_filtered,masakhaner
recall,0.7847652790079717,yo,pre_filtered,masakhaner
f1,0.7377185678601165,yo,pre_filtered,masakhaner
precision,0.6986629994891639,yo,pre_filtered,AfriSenti-Twitter
recall,0.6830564784053156,yo,pre_filtered,AfriSenti-Twitter
f1,0.6907716011217848,yo,pre_filtered,AfriSenti-Twitter
precision,0.8267564966313763,yo,pre_filtered,masakhaner2
recall,0.8551518168242906,yo,pre_filtered,masakhaner2
f1,0.8407144604844629,yo,pre_filtered,masakhaner2
precision,0.8717250771179628,yo,pre_filtered,masakhanews
recall,0.8637469586374696,yo,pre_filtered,masakhanews
f1,0.8677176798194883,yo,pre_filtered,masakhanews
precision,0.9409046882743792,yo,pre_filtered,masakhapos
recall,0.9410340653639979,yo,pre_filtered,masakhapos
f1,0.9409693723720642,yo,pre_filtered,masakhapos
precision,0.6698047317482204,yo,pre_filtered,sib200
recall,0.6568627450980392,yo,pre_filtered,sib200
f1,0.6632706121984441,yo,pre_filtered,sib200
precision,0.5483870967741935,am,pre_filtered,masakhaner
recall,0.6093189964157706,am,pre_filtered,masakhaner
f1,0.5772495755517827,am,pre_filtered,masakhaner
precision,0.7834015175045137,am,pre_filtered,AfriSenti-Twitter
recall,0.27963981990995496,am,pre_filtered,AfriSenti-Twitter
f1,0.4121575550485567,am,pre_filtered,AfriSenti-Twitter
precision,0.8576513989645715,am,pre_filtered,masakhanews
recall,0.8563829787234043,am,pre_filtered,masakhanews
f1,0.8570167195156217,am,pre_filtered,masakhanews
precision,0.9103535353535354,sn,pre_filtered,masakhaner2
recall,0.9351491569390402,sn,pre_filtered,masakhaner2
f1,0.9225847728726808,sn,pre_filtered,masakhaner2
precision,0.8898869131293808,sn,pre_filtered,masakhanews
recall,0.8888888888888888,sn,pre_filtered,masakhanews
f1,0.8893876210265808,sn,pre_filtered,masakhanews
precision,0.8766673641665242,sn,pre_filtered,masakhapos
recall,0.8813165537270087,sn,pre_filtered,masakhapos
f1,0.8789858112899679,sn,pre_filtered,masakhapos
precision,0.6053399610088415,sn,pre_filtered,sib200
recall,0.5980392156862745,sn,pre_filtered,sib200
f1,0.60166744201027,sn,pre_filtered,sib200
precision,0.7874698795180722,zu,pre_filtered,masakhaner2
recall,0.8514851485148515,zu,pre_filtered,masakhaner2
f1,0.8182273410115173,zu,pre_filtered,masakhaner2
precision,0.8646867475966943,zu,pre_filtered,masakhapos
recall,0.876084128360798,zu,pre_filtered,masakhapos
f1,0.8703481268397341,zu,pre_filtered,masakhapos
precision,0.6584921241526762,zu,pre_filtered,sib200
recall,0.6911764705882353,zu,pre_filtered,sib200
f1,0.6744385459593011,zu,pre_filtered,sib200
precision,0.4301991127324313,ary,pre_filtered,AfriSenti-Twitter
recall,0.3779128672745694,ary,pre_filtered,AfriSenti-Twitter
f1,0.4023644846603572,ary,pre_filtered,AfriSenti-Twitter
precision,0.6012739632073092,ary,pre_filtered,sib200
recall,0.5882352941176471,ary,pre_filtered,sib200
f1,0.5946831677257167,ary,pre_filtered,sib200
precision,0.7019602421388135,so,pre_filtered,masakhanews
recall,0.7074829931972789,so,pre_filtered,masakhanews
f1,0.7047107975163405,so,pre_filtered,masakhanews
precision,0.7228823161079244,so,pre_filtered,sib200
recall,0.7205882352941176,so,pre_filtered,sib200
f1,0.7217334527311048,so,pre_filtered,sib200
precision,0.6345975948196114,rw,pre_filtered,masakhaner
recall,0.7086776859504132,rw,pre_filtered,masakhaner
f1,0.669594924353343,rw,pre_filtered,masakhaner
precision,0.6164412169746362,rw,pre_filtered,AfriSenti-Twitter
recall,0.6140350877192983,rw,pre_filtered,AfriSenti-Twitter
f1,0.6152357998197502,rw,pre_filtered,AfriSenti-Twitter
precision,0.7537515375153752,rw,pre_filtered,masakhaner2
recall,0.810367627611743,rw,pre_filtered,masakhaner2
f1,0.7810349222533777,rw,pre_filtered,masakhaner2
precision,0.9704782045700686,rw,pre_filtered,masakhapos
recall,0.9711946277097078,rw,pre_filtered,masakhapos
f1,0.9708362839698063,rw,pre_filtered,masakhapos
precision,0.7858577918375818,rw,pre_filtered,sib200
recall,0.7696078431372549,rw,pre_filtered,sib200
f1,0.7776479358844997,rw,pre_filtered,sib200
precision,0.6435117811387681,tw,pre_filtered,AfriSenti-Twitter
recall,0.6501580611169653,tw,pre_filtered,AfriSenti-Twitter
f1,0.6468178483647451,tw,pre_filtered,AfriSenti-Twitter
precision,0.7493573264781491,tw,pre_filtered,masakhaner2
recall,0.7931972789115647,tw,pre_filtered,masakhaner2
f1,0.7706543291473893,tw,pre_filtered,masakhaner2
precision,0.8284263093044003,tw,pre_filtered,masakhapos
recall,0.8360022475066723,tw,pre_filtered,masakhapos
f1,0.8321970368004792,tw,pre_filtered,masakhapos
precision,0.6632469031345057,tw,pre_filtered,sib200
recall,0.6617647058823529,tw,pre_filtered,sib200
f1,0.662504975493544,tw,pre_filtered,sib200
precision,0.7493287167891465,ln,pre_filtered,masakhanews
recall,0.7714285714285715,ln,pre_filtered,masakhanews
f1,0.7602180650411577,ln,pre_filtered,masakhanews
precision,0.5378618113912231,ln,pre_filtered,sib200
recall,0.5441176470588235,ln,pre_filtered,sib200
f1,0.5409716440942963,ln,pre_filtered,sib200
precision,0.7387978142076502,lg,pre_filtered,masakhaner
recall,0.7934272300469484,lg,pre_filtered,masakhaner
f1,0.7651386530843236,lg,pre_filtered,masakhaner
precision,0.832625318606627,lg,pre_filtered,masakhaner2
recall,0.8645787384208204,lg,pre_filtered,masakhaner2
f1,0.8483012334992426,lg,pre_filtered,masakhaner2
precision,0.8616641753861485,lg,pre_filtered,masakhanews
recall,0.8609865470852018,lg,pre_filtered,masakhanews
f1,0.8613252279584797,lg,pre_filtered,masakhanews
precision,0.8976096851981865,lg,pre_filtered,masakhapos
recall,0.9038144329896908,lg,pre_filtered,masakhapos
f1,0.9007013734106597,lg,pre_filtered,masakhapos
precision,0.5488313408763666,lg,pre_filtered,sib200
recall,0.5490196078431373,lg,pre_filtered,sib200
f1,0.5489254582171003,lg,pre_filtered,sib200
precision,0.5610200364298725,wo,pre_filtered,masakhaner
recall,0.6062992125984252,wo,pre_filtered,masakhaner
f1,0.5827814569536424,wo,pre_filtered,masakhaner
precision,0.6989117291414753,wo,pre_filtered,masakhaner2
recall,0.760026298487837,wo,pre_filtered,masakhaner2
f1,0.7281889763779528,wo,pre_filtered,masakhaner2
precision,0.9273381843580483,wo,pre_filtered,masakhapos
recall,0.9283987567629791,wo,pre_filtered,masakhapos
f1,0.9278681674965931,wo,pre_filtered,masakhapos
precision,0.5605993925089184,wo,pre_filtered,sib200
recall,0.5490196078431373,wo,pre_filtered,sib200
f1,0.5547490778991638,wo,pre_filtered,sib200
precision,0.8234633592528329,om,pre_filtered,masakhanews
recall,0.8276923076923077,om,pre_filtered,masakhanews
f1,0.8255724178702556,om,pre_filtered,masakhanews
precision,0.7641277641277642,tn,pre_filtered,masakhaner2
recall,0.8260292164674635,tn,pre_filtered,masakhaner2
f1,0.793873643905552,tn,pre_filtered,masakhaner2
precision,0.8817106882125698,tn,pre_filtered,masakhapos
recall,0.8851526125193999,tn,pre_filtered,masakhapos
f1,0.8834282978590509,tn,pre_filtered,masakhapos
precision,0.5812599308729339,tn,pre_filtered,sib200
recall,0.6029411764705882,tn,pre_filtered,sib200
f1,0.5919020753863792,tn,pre_filtered,sib200
precision,0.8666283414774361,ny,pre_filtered,masakhaner2
recall,0.8734067207415991,ny,pre_filtered,masakhaner2
f1,0.8700043283797432,ny,pre_filtered,masakhaner2
precision,0.7951505679570753,ny,pre_filtered,masakhapos
recall,0.8094316561417804,ny,pre_filtered,masakhapos
f1,0.8022275598435401,ny,pre_filtered,masakhapos
precision,0.6004585595222546,ny,pre_filtered,sib200
recall,0.6127450980392157,ny,pre_filtered,sib200
f1,0.6065396137405035,ny,pre_filtered,sib200
precision,0.7748344370860927,ee,pre_filtered,masakhaner2
recall,0.85,ee,pre_filtered,masakhaner2
f1,0.8106786223761973,ee,pre_filtered,masakhaner2
precision,0.8847820123000474,ee,pre_filtered,masakhapos
recall,0.8824763903462749,ee,pre_filtered,masakhapos
f1,0.8836276973290124,ee,pre_filtered,masakhapos
precision,0.5777120907020582,ee,pre_filtered,sib200
recall,0.5735294117647058,ee,pre_filtered,sib200
f1,0.5756131530000593,ee,pre_filtered,sib200
precision,0.7227648384673178,bm,pre_filtered,masakhaner2
recall,0.7360367253251722,bm,pre_filtered,masakhaner2
f1,0.7293404094010614,bm,pre_filtered,masakhaner2
precision,0.8930385800769058,bm,pre_filtered,masakhapos
recall,0.8958402662229618,bm,pre_filtered,masakhapos
f1,0.8944372291932896,bm,pre_filtered,masakhapos
precision,0.5095164856348506,bm,pre_filtered,sib200
recall,0.4950980392156863,bm,pre_filtered,sib200
f1,0.5022037940839297,bm,pre_filtered,sib200
precision,0.4330455248212084,ts,pre_filtered,AfriSenti-Twitter
recall,0.5118110236220472,ts,pre_filtered,AfriSenti-Twitter
f1,0.469145234160379,ts,pre_filtered,AfriSenti-Twitter
precision,0.6198309600022672,ts,pre_filtered,sib200
recall,0.6029411764705882,ts,pre_filtered,sib200
f1,0.6112694214879297,ts,pre_filtered,sib200
precision,0.7616714913390105,rn,pre_filtered,masakhanews
recall,0.7670807453416149,rn,pre_filtered,masakhanews
f1,0.7643665484348164,rn,pre_filtered,masakhanews
precision,0.4901787327048489,rn,pre_filtered,sib200
recall,0.5147058823529411,rn,pre_filtered,sib200
f1,0.5021429790981252,rn,pre_filtered,sib200
precision,0.7293946024799417,fon,pre_filtered,masakhaner2
recall,0.7656967840735069,fon,pre_filtered,masakhaner2
f1,0.7471049682480388,fon,pre_filtered,masakhaner2
precision,0.8847378865657319,fon,pre_filtered,masakhapos
recall,0.8857388751075786,fon,pre_filtered,masakhapos
f1,0.8852380978682248,fon,pre_filtered,masakhapos
precision,0.46282605580518293,fon,pre_filtered,sib200
recall,0.46568627450980393,fon,pre_filtered,sib200
f1,0.4642517598034819,fon,pre_filtered,sib200
precision,0.6156051642876788,ti,pre_filtered,masakhanews
recall,0.6286764705882353,ti,pre_filtered,masakhanews
f1,0.6220721597307249,ti,pre_filtered,masakhanews
precision,0.3663969223789762,ti,pre_filtered,sib200
recall,0.39705882352941174,ti,pre_filtered,sib200
f1,0.3811121514882166,ti,pre_filtered,sib200
precision,0.8812108972189864,pcm,absolute_lo,masakhanews
recall,0.8852459016393442,pcm,absolute_lo,masakhanews
f1,0.8832237909777493,pcm,absolute_lo,masakhanews
precision,0.5733581578697633,pcm,absolute_lo,AfriSenti-Twitter
recall,0.6376986037554164,pcm,absolute_lo,AfriSenti-Twitter
f1,0.6038192565551895,pcm,absolute_lo,AfriSenti-Twitter
precision,0.8571257495061777,pcm,absolute_lo,masakhapos
recall,0.8561580273100888,pcm,absolute_lo,masakhapos
f1,0.8566416151065759,pcm,absolute_lo,masakhapos
precision,0.7523645743766122,pcm,absolute_lo,masakhaner2
recall,0.7478632478632479,pcm,absolute_lo,masakhaner2
f1,0.7501071581654523,pcm,absolute_lo,masakhaner2
precision,0.8623088096565517,ha,absolute_lo,masakhanews
recall,0.8618524332810047,ha,absolute_lo,masakhanews
f1,0.8620805610685699,ha,absolute_lo,masakhanews
precision,0.7353747466997242,ha,absolute_lo,AfriSenti-Twitter
recall,0.7356213464076937,ha,absolute_lo,AfriSenti-Twitter
f1,0.7354980258835603,ha,absolute_lo,AfriSenti-Twitter
precision,0.9158490485437306,ha,absolute_lo,masakhapos
recall,0.9168772270813087,ha,absolute_lo,masakhapos
f1,0.9163628494030831,ha,absolute_lo,masakhapos
precision,0.8186157517899761,ha,absolute_lo,masakhaner
recall,0.8963414634146342,ha,absolute_lo,masakhaner
f1,0.8557172557172558,ha,absolute_lo,masakhaner
precision,0.7872441694431224,ha,absolute_lo,masakhaner2
recall,0.8050620588951083,ha,absolute_lo,masakhaner2
f1,0.7960534231741067,ha,absolute_lo,masakhaner2
precision,0.7671965547352544,ha,absolute_lo,sib200
recall,0.7696078431372549,ha,absolute_lo,sib200
f1,0.768400307247317,ha,absolute_lo,sib200
precision,0.8659456117773617,ig,absolute_lo,masakhanews
recall,0.8589743589743589,ig,absolute_lo,masakhanews
f1,0.8624458982395098,ig,absolute_lo,masakhanews
precision,0.7487671723446566,ig,absolute_lo,AfriSenti-Twitter
recall,0.7395437262357415,ig,absolute_lo,AfriSenti-Twitter
f1,0.744126869254198,ig,absolute_lo,AfriSenti-Twitter
precision,0.8255347846140841,ig,absolute_lo,masakhapos
recall,0.7847001001183217,ig,absolute_lo,masakhapos
f1,0.8045996696258162,ig,absolute_lo,masakhapos
precision,0.8109243697478992,ig,absolute_lo,masakhaner
recall,0.818490245971162,ig,absolute_lo,masakhaner
f1,0.814689742507387,ig,absolute_lo,masakhaner
precision,0.8431372549019608,ig,absolute_lo,masakhaner2
recall,0.8623881518049985,ig,absolute_lo,masakhaner2
f1,0.8526540573520438,ig,absolute_lo,masakhaner2
precision,0.7600897399202854,ig,absolute_lo,sib200
recall,0.7598039215686274,ig,absolute_lo,sib200
f1,0.7599468038701651,ig,absolute_lo,sib200
precision,0.8045471061687314,sw,absolute_lo,masakhanews
recall,0.8004201680672269,sw,absolute_lo,masakhanews
f1,0.8024783312097632,sw,absolute_lo,masakhanews
precision,0.5232751203622434,sw,absolute_lo,AfriSenti-Twitter
recall,0.5641711229946524,sw,absolute_lo,AfriSenti-Twitter
f1,0.5429541259503707,sw,absolute_lo,AfriSenti-Twitter
precision,0.9012226677978462,sw,absolute_lo,masakhapos
recall,0.9109120318526813,sw,absolute_lo,masakhapos
f1,0.9060414456317716,sw,absolute_lo,masakhapos
precision,0.8821183248393529,sw,absolute_lo,masakhaner2
recall,0.9193995381062355,sw,absolute_lo,masakhaner2
f1,0.9003731765238041,sw,absolute_lo,masakhaner2
precision,0.787733030481671,sw,absolute_lo,sib200
recall,0.7843137254901961,sw,absolute_lo,sib200
f1,0.7860196593794161,sw,absolute_lo,sib200
precision,0.8513889952240632,yo,absolute_lo,masakhanews
recall,0.8345498783454988,yo,absolute_lo,masakhanews
f1,0.8428853424377987,yo,absolute_lo,masakhanews
precision,0.6831643522643842,yo,absolute_lo,AfriSenti-Twitter
recall,0.6664451827242525,yo,absolute_lo,AfriSenti-Twitter
f1,0.6747012076783624,yo,absolute_lo,AfriSenti-Twitter
precision,0.9261928419705239,yo,absolute_lo,masakhapos
recall,0.9260476108133033,yo,absolute_lo,masakhapos
f1,0.9261202206982444,yo,absolute_lo,masakhapos
precision,0.7069805194805194,yo,absolute_lo,masakhaner
recall,0.7714791851195748,yo,absolute_lo,masakhaner
f1,0.7378229563744175,yo,absolute_lo,masakhaner
precision,0.8092566619915849,yo,absolute_lo,masakhaner2
recall,0.8616226978596316,yo,absolute_lo,masakhaner2
f1,0.834619093539055,yo,absolute_lo,masakhaner2
precision,0.6655365409152464,yo,absolute_lo,sib200
recall,0.6617647058823529,yo,absolute_lo,sib200
f1,0.6636452641257825,yo,absolute_lo,sib200
precision,0.8562886175585646,am,absolute_lo,masakhanews
recall,0.8563829787234043,am,absolute_lo,masakhanews
f1,0.8563357955415283,am,absolute_lo,masakhanews
precision,0.7977462198498512,am,absolute_lo,AfriSenti-Twitter
recall,0.2661330665332666,am,absolute_lo,AfriSenti-Twitter
f1,0.39911792723353734,am,absolute_lo,AfriSenti-Twitter
precision,0.5068493150684932,am,absolute_lo,masakhaner
recall,0.5967741935483871,am,absolute_lo,masakhaner
f1,0.548148148148148,am,absolute_lo,masakhaner
precision,0.8966842808865634,sn,absolute_lo,masakhanews
recall,0.8943089430894309,sn,absolute_lo,masakhanews
f1,0.8954950368202146,sn,absolute_lo,masakhanews
precision,0.8664537718403854,sn,absolute_lo,masakhapos
recall,0.8737657308809293,sn,absolute_lo,masakhapos
f1,0.8700943898660508,sn,absolute_lo,masakhapos
precision,0.8932726353060192,sn,absolute_lo,masakhaner2
recall,0.9162127107652399,sn,absolute_lo,masakhaner2
f1,0.9045972595722883,sn,absolute_lo,masakhaner2
precision,0.590719487366273,sn,absolute_lo,sib200
recall,0.5833333333333334,sn,absolute_lo,sib200
f1,0.587003176611748,sn,absolute_lo,sib200
precision,0.8576989975019735,zu,absolute_lo,masakhapos
recall,0.8686036426712923,zu,absolute_lo,masakhapos
f1,0.8631168790554077,zu,absolute_lo,masakhapos
precision,0.810126582278481,zu,absolute_lo,masakhaner2
recall,0.8337675872850443,zu,absolute_lo,masakhaner2
f1,0.8217770929635335,zu,absolute_lo,masakhaner2
precision,0.635020290167349,zu,absolute_lo,sib200
recall,0.6274509803921569,zu,absolute_lo,sib200
f1,0.6312129438919134,zu,absolute_lo,sib200
precision,0.43250159315132564,ary,absolute_lo,AfriSenti-Twitter
recall,0.37487335359675783,ary,absolute_lo,AfriSenti-Twitter
f1,0.4016307994534953,ary,absolute_lo,AfriSenti-Twitter
precision,0.644248861160626,ary,absolute_lo,sib200
recall,0.6078431372549019,ary,absolute_lo,sib200
f1,0.6255167342916168,ary,absolute_lo,sib200
precision,0.6848827204148987,so,absolute_lo,masakhanews
recall,0.6870748299319728,so,absolute_lo,masakhanews
f1,0.6859770239005434,so,absolute_lo,masakhanews
precision,0.7115310132836502,so,absolute_lo,sib200
recall,0.7009803921568627,so,absolute_lo,sib200
f1,0.706216299284032,so,absolute_lo,sib200
precision,0.5937269260341091,rw,absolute_lo,AfriSenti-Twitter
recall,0.5935672514619883,rw,absolute_lo,AfriSenti-Twitter
f1,0.5936470780110429,rw,absolute_lo,AfriSenti-Twitter
precision,0.9598930810334524,rw,absolute_lo,masakhapos
recall,0.9607681432610744,rw,absolute_lo,masakhapos
f1,0.9603304128060437,rw,absolute_lo,masakhapos
precision,0.6185286103542235,rw,absolute_lo,masakhaner
recall,0.7035123966942148,rw,absolute_lo,masakhaner
f1,0.6582890285161914,rw,absolute_lo,masakhaner
precision,0.7509940357852882,rw,absolute_lo,masakhaner2
recall,0.7992594551705898,rw,absolute_lo,masakhaner2
f1,0.7743754003843689,rw,absolute_lo,masakhaner2
precision,0.6915802159290987,rw,absolute_lo,sib200
recall,0.6764705882352942,rw,absolute_lo,sib200
f1,0.6839419618881808,rw,absolute_lo,sib200
precision,0.6256247332953795,tw,absolute_lo,AfriSenti-Twitter
recall,0.6459430979978925,tw,absolute_lo,AfriSenti-Twitter
f1,0.6356215822130493,tw,absolute_lo,AfriSenti-Twitter
precision,0.8226269656533706,tw,absolute_lo,masakhapos
recall,0.8307346537435033,tw,absolute_lo,masakhapos
f1,0.8266609306213506,tw,absolute_lo,masakhapos
precision,0.7195902688860435,tw,absolute_lo,masakhaner2
recall,0.7646258503401361,tw,absolute_lo,masakhaner2
f1,0.741424802110818,tw,absolute_lo,masakhaner2
precision,0.6671670967014103,tw,absolute_lo,sib200
recall,0.6666666666666666,tw,absolute_lo,sib200
f1,0.6669167878079398,tw,absolute_lo,sib200
precision,0.7619970337290186,ln,absolute_lo,masakhanews
recall,0.7771428571428571,ln,absolute_lo,masakhanews
f1,0.7694954246051012,ln,absolute_lo,masakhanews
precision,0.559523941036247,ln,absolute_lo,sib200
recall,0.5294117647058824,ln,absolute_lo,sib200
f1,0.5440515091151525,ln,absolute_lo,sib200
precision,0.8601520552193198,lg,absolute_lo,masakhanews
recall,0.8565022421524664,lg,absolute_lo,masakhanews
f1,0.8583232687155802,lg,absolute_lo,masakhanews
precision,0.8877943849380707,lg,absolute_lo,masakhapos
recall,0.8929896907216495,lg,absolute_lo,masakhapos
f1,0.8903844593697442,lg,absolute_lo,masakhapos
precision,0.7222844344904815,lg,absolute_lo,masakhaner
recall,0.7570422535211268,lg,absolute_lo,masakhaner
f1,0.7392550143266475,lg,absolute_lo,masakhaner
precision,0.8059196617336152,lg,absolute_lo,masakhaner2
recall,0.8407587119541244,lg,absolute_lo,masakhaner2
f1,0.8229706390328152,lg,absolute_lo,masakhaner2
precision,0.47477158930096197,lg,absolute_lo,sib200
recall,0.46568627450980393,lg,absolute_lo,sib200
f1,0.4701850474592899,lg,absolute_lo,sib200
precision,0.9240145219938626,wo,absolute_lo,masakhapos
recall,0.9250604351329573,wo,absolute_lo,masakhapos
f1,0.9245371827575828,wo,absolute_lo,masakhapos
precision,0.5594149908592322,wo,absolute_lo,masakhaner
recall,0.6023622047244095,wo,absolute_lo,masakhaner
f1,0.5800947867298579,wo,absolute_lo,masakhaner
precision,0.7222914072229141,wo,absolute_lo,masakhaner2
recall,0.7626561472715319,wo,absolute_lo,masakhaner2
f1,0.7419251678925488,wo,absolute_lo,masakhaner2
precision,0.49956681390504926,wo,absolute_lo,sib200
recall,0.4950980392156863,wo,absolute_lo,sib200
f1,0.4973223880297201,wo,absolute_lo,sib200
precision,0.7860364146997936,om,absolute_lo,masakhanews
recall,0.7938461538461539,om,absolute_lo,masakhanews
f1,0.7899219815644217,om,absolute_lo,masakhanews
precision,0.8801110278144836,tn,absolute_lo,masakhapos
recall,0.8825012933264356,tn,absolute_lo,masakhapos
f1,0.8813045398597823,tn,absolute_lo,masakhapos
precision,0.7350427350427351,tn,absolute_lo,masakhaner2
recall,0.799468791500664,tn,absolute_lo,masakhaner2
f1,0.7659033078880406,tn,absolute_lo,masakhaner2
precision,0.6158464556440078,tn,absolute_lo,sib200
recall,0.5931372549019608,tn,absolute_lo,sib200
f1,0.6042785737399726,tn,absolute_lo,sib200
precision,0.7877256052819157,ny,absolute_lo,masakhapos
recall,0.8005703809329803,ny,absolute_lo,masakhapos
f1,0.7940960543432132,ny,absolute_lo,masakhapos
precision,0.8629856850715747,ny,absolute_lo,masakhaner2
recall,0.8557358053302433,ny,absolute_lo,masakhaner2
f1,0.8593454545454545,ny,absolute_lo,masakhaner2
precision,0.6302754435107376,ny,absolute_lo,sib200
recall,0.6225490196078431,ny,absolute_lo,sib200
f1,0.6263884063435141,ny,absolute_lo,sib200
precision,0.884165544738165,ee,absolute_lo,masakhapos
recall,0.8806639320805113,ee,absolute_lo,masakhapos
f1,0.8824112646201235,ee,absolute_lo,masakhapos
precision,0.7532869296210364,ee,absolute_lo,masakhaner2
recall,0.8324786324786325,ee,absolute_lo,masakhaner2
f1,0.7909053999187983,ee,absolute_lo,masakhaner2
precision,0.5748961466394878,ee,absolute_lo,sib200
recall,0.5735294117647058,ee,absolute_lo,sib200
f1,0.5742119659303074,ee,absolute_lo,sib200
precision,0.8929563983347887,bm,absolute_lo,masakhapos
recall,0.8954409317803661,bm,absolute_lo,masakhapos
f1,0.8941969392368277,bm,absolute_lo,masakhapos
precision,0.7140695915279879,bm,absolute_lo,masakhaner2
recall,0.722264728385616,bm,absolute_lo,masakhaner2
f1,0.7181437809052873,bm,absolute_lo,masakhaner2
precision,0.38451331747634787,bm,absolute_lo,sib200
recall,0.38235294117647056,bm,absolute_lo,sib200
f1,0.383430086275744,bm,absolute_lo,sib200
precision,0.4630576819131374,ts,absolute_lo,AfriSenti-Twitter
recall,0.5078740157480315,ts,absolute_lo,AfriSenti-Twitter
f1,0.48443153108030457,ts,absolute_lo,AfriSenti-Twitter
precision,0.4930605170543251,ts,absolute_lo,sib200
recall,0.4803921568627451,ts,absolute_lo,sib200
f1,0.4866439049337209,ts,absolute_lo,sib200
precision,0.706819452422888,rn,absolute_lo,masakhanews
recall,0.7111801242236024,rn,absolute_lo,masakhanews
f1,0.7089930832935446,rn,absolute_lo,masakhanews
precision,0.44922714870029967,rn,absolute_lo,sib200
recall,0.44607843137254904,rn,absolute_lo,sib200
f1,0.44764725314431136,rn,absolute_lo,sib200
precision,0.8796321173583654,fon,absolute_lo,masakhapos
recall,0.8795119728648813,fon,absolute_lo,masakhapos
f1,0.8795720410088612,fon,absolute_lo,masakhapos
precision,0.7112417340191036,fon,absolute_lo,masakhaner2
recall,0.7411944869831547,fon,absolute_lo,masakhaner2
f1,0.7259092613423322,fon,absolute_lo,masakhaner2
precision,0.4564927697168284,fon,absolute_lo,sib200
recall,0.46078431372549017,fon,absolute_lo,sib200
f1,0.45862850257905563,fon,absolute_lo,sib200
precision,0.62837183241595,ti,absolute_lo,masakhanews
recall,0.625,ti,absolute_lo,masakhanews
f1,0.6266813807407069,ti,absolute_lo,masakhanews
precision,0.3817547852474323,ti,absolute_lo,sib200
recall,0.38235294117647056,ti,absolute_lo,sib200
f1,0.382053629088867,ti,absolute_lo,sib200
precision,0.5658215380350672,pcm,entropy_hi,AfriSenti-Twitter
recall,0.6304766490129995,pcm,entropy_hi,AfriSenti-Twitter
f1,0.596401919023216,pcm,entropy_hi,AfriSenti-Twitter
precision,0.8937229955346863,pcm,entropy_hi,masakhanews
recall,0.8950819672131147,pcm,entropy_hi,masakhanews
f1,0.8944019651622225,pcm,entropy_hi,masakhanews
precision,0.734289329396879,pcm,entropy_hi,masakhaner2
recall,0.744017094017094,pcm,entropy_hi,masakhaner2
f1,0.7391212056888133,pcm,entropy_hi,masakhaner2
precision,0.8618711844825979,pcm,entropy_hi,masakhapos
recall,0.862388969905873,pcm,entropy_hi,masakhapos
f1,0.8621299994502407,pcm,entropy_hi,masakhapos
precision,0.8251012145748988,ha,entropy_hi,masakhaner
recall,0.8876306620209059,ha,entropy_hi,masakhaner
f1,0.8552245069240454,ha,entropy_hi,masakhaner
precision,0.7278106532431861,ha,entropy_hi,AfriSenti-Twitter
recall,0.7288327361870639,ha,entropy_hi,AfriSenti-Twitter
f1,0.7283213361326636,ha,entropy_hi,AfriSenti-Twitter
precision,0.775044450404275,ha,entropy_hi,sib200
recall,0.7696078431372549,ha,entropy_hi,sib200
f1,0.7723165793429694,ha,entropy_hi,sib200
precision,0.8707346705303851,ha,entropy_hi,masakhanews
recall,0.8681318681318682,ha,entropy_hi,masakhanews
f1,0.8694313213436949,ha,entropy_hi,masakhanews
precision,0.8091584751858067,ha,entropy_hi,masakhaner2
recall,0.8213677293745437,ha,entropy_hi,masakhaner2
f1,0.8152173913043477,ha,entropy_hi,masakhaner2
precision,0.9157284474979155,ha,entropy_hi,masakhapos
recall,0.9169420149011985,ha,entropy_hi,masakhapos
f1,0.9163348293963216,ha,entropy_hi,masakhapos
precision,0.7990155865463495,ig,entropy_hi,masakhaner
recall,0.8261238337574215,ig,entropy_hi,masakhaner
f1,0.8123436196830692,ig,entropy_hi,masakhaner
precision,0.7335588248929357,ig,entropy_hi,AfriSenti-Twitter
recall,0.7237914177077676,ig,entropy_hi,AfriSenti-Twitter
f1,0.7286423898949791,ig,entropy_hi,AfriSenti-Twitter
precision,0.7745120651871223,ig,entropy_hi,sib200
recall,0.7696078431372549,ig,entropy_hi,sib200
f1,0.7720521661031834,ig,entropy_hi,sib200
precision,0.835193078120508,ig,entropy_hi,masakhanews
recall,0.8333333333333334,ig,entropy_hi,masakhanews
f1,0.8342621692882256,ig,entropy_hi,masakhanews
precision,0.8368405001524856,ig,entropy_hi,masakhaner2
recall,0.8466522678185745,ig,entropy_hi,masakhaner2
f1,0.841717791411043,ig,entropy_hi,masakhaner2
precision,0.8223845505686992,ig,entropy_hi,masakhapos
recall,0.780376808956039,ig,entropy_hi,masakhapos
f1,0.8008301766120064,ig,entropy_hi,masakhapos
precision,0.5576972337459445,sw,entropy_hi,AfriSenti-Twitter
recall,0.5882352941176471,sw,entropy_hi,AfriSenti-Twitter
f1,0.5725593581548019,sw,entropy_hi,AfriSenti-Twitter
precision,0.8164484447760781,sw,entropy_hi,sib200
recall,0.8137254901960784,sw,entropy_hi,sib200
f1,0.8150846933478757,sw,entropy_hi,sib200
precision,0.7984492408812937,sw,entropy_hi,masakhanews
recall,0.7941176470588235,sw,entropy_hi,masakhanews
f1,0.7962775532582823,sw,entropy_hi,masakhanews
precision,0.8818322637751715,sw,entropy_hi,masakhaner2
recall,0.9203233256351039,sw,entropy_hi,masakhaner2
f1,0.9006667420047463,sw,entropy_hi,masakhaner2
precision,0.9163926213332685,sw,entropy_hi,masakhapos
recall,0.9196217494089834,sw,entropy_hi,masakhapos
f1,0.9180043457233825,sw,entropy_hi,masakhapos
precision,0.6804780876494024,yo,entropy_hi,masakhaner
recall,0.7564216120460585,yo,entropy_hi,masakhaner
f1,0.7164429530201342,yo,entropy_hi,masakhaner
precision,0.6970392072325621,yo,entropy_hi,AfriSenti-Twitter
recall,0.6775193798449612,yo,entropy_hi,AfriSenti-Twitter
f1,0.6871406949861704,yo,entropy_hi,AfriSenti-Twitter
precision,0.5582520576822981,yo,entropy_hi,sib200
recall,0.553921568627451,yo,entropy_hi,sib200
f1,0.5560783823060347,yo,entropy_hi,sib200
precision,0.8618400338748999,yo,entropy_hi,masakhanews
recall,0.8613138686131386,yo,entropy_hi,masakhanews
f1,0.8615768709117049,yo,entropy_hi,masakhanews
precision,0.8223715794527124,yo,entropy_hi,masakhaner2
recall,0.8526630164260827,yo,entropy_hi,masakhaner2
f1,0.8372434017595308,yo,entropy_hi,masakhaner2
precision,0.9305731244292005,yo,entropy_hi,masakhapos
recall,0.9299095048705978,yo,entropy_hi,masakhapos
f1,0.9302411962959538,yo,entropy_hi,masakhapos
precision,0.5052950075642966,am,entropy_hi,masakhaner
recall,0.5985663082437276,am,entropy_hi,masakhaner
f1,0.5479901558654635,am,entropy_hi,masakhaner
precision,0.1484756174822535,am,entropy_hi,AfriSenti-Twitter
recall,0.13806903451725863,am,entropy_hi,AfriSenti-Twitter
f1,0.1430833555055388,am,entropy_hi,AfriSenti-Twitter
precision,0.8609441681250191,am,entropy_hi,masakhanews
recall,0.8617021276595744,am,entropy_hi,masakhanews
f1,0.861322981142263,am,entropy_hi,masakhanews
precision,0.6681896582567377,sn,entropy_hi,sib200
recall,0.6470588235294118,sn,entropy_hi,sib200
f1,0.657454496475021,sn,entropy_hi,sib200
precision,0.9007793563909237,sn,entropy_hi,masakhanews
recall,0.8997289972899729,sn,entropy_hi,masakhanews
f1,0.9002538704674623,sn,entropy_hi,masakhanews
precision,0.9007786988193921,sn,entropy_hi,masakhaner2
recall,0.9302204928664073,sn,entropy_hi,masakhaner2
f1,0.9152628892291985,sn,entropy_hi,masakhaner2
precision,0.8732737160738605,sn,entropy_hi,masakhapos
recall,0.8803484995159729,sn,entropy_hi,masakhapos
f1,0.8767968366023223,sn,entropy_hi,masakhapos
precision,0.6914567843179477,zu,entropy_hi,sib200
recall,0.6617647058823529,zu,entropy_hi,sib200
f1,0.676284996681207,zu,entropy_hi,sib200
precision,0.8112531969309463,zu,entropy_hi,masakhaner2
recall,0.8264721208963002,zu,entropy_hi,masakhaner2
f1,0.818791946308725,zu,entropy_hi,masakhaner2
precision,0.8745413615493314,zu,entropy_hi,masakhapos
recall,0.8774934952298352,zu,entropy_hi,masakhapos
f1,0.8760149412549142,zu,entropy_hi,masakhapos
precision,0.43251677895017426,ary,entropy_hi,AfriSenti-Twitter
recall,0.3839918946301925,ary,entropy_hi,AfriSenti-Twitter
f1,0.40681242657265776,ary,entropy_hi,AfriSenti-Twitter
precision,0.6134804245070606,ary,entropy_hi,sib200
recall,0.5931372549019608,ary,entropy_hi,sib200
f1,0.6031373501943518,ary,entropy_hi,sib200
precision,0.6289679720904842,so,entropy_hi,sib200
recall,0.6225490196078431,so,entropy_hi,sib200
f1,0.6257420346459808,so,entropy_hi,sib200
precision,0.6897991109559948,so,entropy_hi,masakhanews
recall,0.6870748299319728,so,entropy_hi,masakhanews
f1,0.6884342753145033,so,entropy_hi,masakhanews
precision,0.5826771653543307,rw,entropy_hi,masakhaner
recall,0.6880165289256198,rw,entropy_hi,masakhaner
f1,0.6309805779251539,rw,entropy_hi,masakhaner
precision,0.6058879604639454,rw,entropy_hi,AfriSenti-Twitter
recall,0.5964912280701754,rw,entropy_hi,AfriSenti-Twitter
f1,0.601152875991943,rw,entropy_hi,AfriSenti-Twitter
precision,0.7410237816855403,rw,entropy_hi,sib200
recall,0.7401960784313726,rw,entropy_hi,sib200
f1,0.7406096987988388,rw,entropy_hi,sib200
precision,0.7441391479707588,rw,entropy_hi,masakhaner2
recall,0.7807458344353345,rw,entropy_hi,masakhaner2
f1,0.7620030975735673,rw,entropy_hi,masakhaner2
precision,0.9640747012307894,rw,entropy_hi,masakhapos
recall,0.965009425070688,rw,entropy_hi,masakhapos
f1,0.9645418366938816,rw,entropy_hi,masakhapos
precision,0.6298891419217957,tw,entropy_hi,AfriSenti-Twitter
recall,0.6332982086406744,tw,entropy_hi,AfriSenti-Twitter
f1,0.6315890751180493,tw,entropy_hi,AfriSenti-Twitter
precision,0.6777038570958512,tw,entropy_hi,sib200
recall,0.6715686274509803,tw,entropy_hi,sib200
f1,0.6746222936295256,tw,entropy_hi,sib200
precision,0.7151979565772669,tw,entropy_hi,masakhaner2
recall,0.7619047619047619,tw,entropy_hi,masakhaner2
f1,0.7378129117259552,tw,entropy_hi,masakhaner2
precision,0.82278460752159,tw,entropy_hi,masakhapos
recall,0.8302430116589409,tw,entropy_hi,masakhapos
f1,0.8264969835579503,tw,entropy_hi,masakhapos
precision,0.5690998329156224,ln,entropy_hi,sib200
recall,0.5588235294117647,ln,entropy_hi,sib200
f1,0.563914868402636,ln,entropy_hi,sib200
precision,0.7938878481691397,ln,entropy_hi,masakhanews
recall,0.7828571428571428,ln,entropy_hi,masakhanews
f1,0.7883339108147999,ln,entropy_hi,masakhanews
precision,0.6976241900647948,lg,entropy_hi,masakhaner
recall,0.7582159624413145,lg,entropy_hi,masakhaner
f1,0.7266591676040495,lg,entropy_hi,masakhaner
precision,0.5110791985791985,lg,entropy_hi,sib200
recall,0.5098039215686274,lg,entropy_hi,sib200
f1,0.5104407635422525,lg,entropy_hi,sib200
precision,0.862032997879252,lg,entropy_hi,masakhanews
recall,0.8565022421524664,lg,entropy_hi,masakhanews
f1,0.8592587202103165,lg,entropy_hi,masakhanews
precision,0.8044019933554817,lg,entropy_hi,masakhaner2
recall,0.8544331715924128,lg,entropy_hi,masakhaner2
f1,0.828663101604278,lg,entropy_hi,masakhaner2
precision,0.8906866150155759,lg,entropy_hi,masakhapos
recall,0.8981443298969072,lg,entropy_hi,masakhapos
f1,0.894399926685578,lg,entropy_hi,masakhapos
precision,0.8121050589684148,om,entropy_hi,masakhanews
recall,0.7938461538461539,om,entropy_hi,masakhanews
f1,0.8028718088530362,om,entropy_hi,masakhanews
precision,0.5972769828652181,tn,entropy_hi,sib200
recall,0.5931372549019608,tn,entropy_hi,sib200
f1,0.5951999208230043,tn,entropy_hi,sib200
precision,0.7477148080438757,tn,entropy_hi,masakhaner2
recall,0.8147410358565738,tn,entropy_hi,masakhaner2
f1,0.7797902764537655,tn,entropy_hi,masakhaner2
precision,0.8806841406752774,tn,entropy_hi,masakhapos
recall,0.8833419555095706,tn,entropy_hi,masakhapos
f1,0.8820110458602268,tn,entropy_hi,masakhapos
precision,0.6079517350892504,ny,entropy_hi,sib200
recall,0.6176470588235294,ny,entropy_hi,sib200
f1,0.6127610486393145,ny,entropy_hi,sib200
precision,0.8559102674719585,ny,entropy_hi,masakhaner2
recall,0.8621089223638471,ny,entropy_hi,masakhaner2
f1,0.8589984124693317,ny,entropy_hi,masakhaner2
precision,0.7884521584025507,ny,entropy_hi,masakhapos
recall,0.8027093094316562,ny,entropy_hi,masakhapos
f1,0.7955168603380933,ny,entropy_hi,masakhapos
precision,0.5944096217722061,ee,entropy_hi,sib200
recall,0.5931372549019608,ee,entropy_hi,sib200
f1,0.5937727567145369,ee,entropy_hi,sib200
precision,0.7566302652106084,ee,entropy_hi,masakhaner2
recall,0.8290598290598291,ee,entropy_hi,masakhaner2
f1,0.7911908646003263,ee,entropy_hi,masakhaner2
precision,0.884546186298175,ee,entropy_hi,masakhapos
recall,0.8806639320805113,ee,entropy_hi,masakhapos
f1,0.8826007900381374,ee,entropy_hi,masakhapos
precision,0.3819363964491269,bm,entropy_hi,sib200
recall,0.39215686274509803,bm,entropy_hi,sib200
f1,0.386979158442916,bm,entropy_hi,sib200
precision,0.7367168913560667,bm,entropy_hi,masakhaner2
recall,0.7107880642693191,bm,entropy_hi,masakhaner2
f1,0.7235202492211837,bm,entropy_hi,masakhaner2
precision,0.8864112140162294,bm,entropy_hi,masakhapos
recall,0.889783693843594,bm,entropy_hi,masakhapos
f1,0.8880942522485715,bm,entropy_hi,masakhapos
precision,0.46299623008776913,ts,entropy_hi,AfriSenti-Twitter
recall,0.5511811023622047,ts,entropy_hi,AfriSenti-Twitter
f1,0.5032547352894214,ts,entropy_hi,AfriSenti-Twitter
precision,0.49975754678089557,ts,entropy_hi,sib200
recall,0.4950980392156863,ts,entropy_hi,sib200
f1,0.4974168813589255,ts,entropy_hi,sib200
precision,0.5070255915585534,rn,entropy_hi,sib200
recall,0.5147058823529411,rn,entropy_hi,sib200
f1,0.5108368708259508,rn,entropy_hi,sib200
precision,0.7027075322882776,rn,entropy_hi,masakhanews
recall,0.6832298136645962,rn,entropy_hi,masakhanews
f1,0.6928318047681117,rn,entropy_hi,masakhanews
precision,0.45922777270683285,fon,entropy_hi,sib200
recall,0.47058823529411764,fon,entropy_hi,sib200
f1,0.4648386031141243,fon,entropy_hi,sib200
precision,0.7174855491329479,fon,entropy_hi,masakhaner2
recall,0.7603369065849923,fon,entropy_hi,masakhaner2
f1,0.7382899628252788,fon,entropy_hi,masakhaner2
precision,0.8822908782942338,fon,entropy_hi,masakhapos
recall,0.8836126158051941,fon,entropy_hi,masakhapos
f1,0.8829512524048896,fon,entropy_hi,masakhapos
precision,0.326993327406414,ti,entropy_hi,sib200
recall,0.35294117647058826,ti,entropy_hi,sib200
f1,0.3394721374331936,ti,entropy_hi,sib200
precision,0.5990406105014737,ti,entropy_hi,masakhanews
recall,0.6066176470588235,ti,entropy_hi,masakhanews
f1,0.6028053195943236,ti,entropy_hi,masakhanews
precision,0.8659493626496754,pcm,thresholded_wiki,masakhapos
recall,0.8664324539307968,pcm,thresholded_wiki,masakhapos
f1,0.8661908409329181,pcm,thresholded_wiki,masakhapos
precision,0.8770603516631935,pcm,thresholded_wiki,masakhanews
recall,0.8590163934426229,pcm,thresholded_wiki,masakhanews
f1,0.8679446023814043,pcm,thresholded_wiki,masakhanews
precision,0.6424302788844621,pcm,thresholded_wiki,masakhaner
recall,0.7018498367791077,pcm,thresholded_wiki,masakhaner
f1,0.670826833073323,pcm,thresholded_wiki,masakhaner
precision,0.5808871136906186,pcm,thresholded_wiki,AfriSenti-Twitter
recall,0.6437168993740973,pcm,thresholded_wiki,AfriSenti-Twitter
f1,0.6106902275707847,pcm,thresholded_wiki,AfriSenti-Twitter
precision,0.7460788469690547,pcm,thresholded_wiki,masakhaner2
recall,0.7521367521367521,pcm,thresholded_wiki,masakhaner2
f1,0.7490955522451584,pcm,thresholded_wiki,masakhaner2
precision,0.9159640900244723,ha,thresholded_wiki,masakhapos
recall,0.9160349854227405,ha,thresholded_wiki,masakhapos
f1,0.9159995363518378,ha,thresholded_wiki,masakhapos
precision,0.7231241416089537,ha,thresholded_wiki,sib200
recall,0.7254901960784313,ha,thresholded_wiki,sib200
f1,0.7243052365786282,ha,thresholded_wiki,sib200
precision,0.857100320983837,ha,thresholded_wiki,masakhanews
recall,0.858712715855573,ha,thresholded_wiki,masakhanews
f1,0.8579057608146611,ha,thresholded_wiki,masakhanews
precision,0.8139350752177356,ha,thresholded_wiki,masakhaner
recall,0.8954703832752613,ha,thresholded_wiki,masakhaner
f1,0.8527581916217337,ha,thresholded_wiki,masakhaner
precision,0.7375473134692664,ha,thresholded_wiki,AfriSenti-Twitter
recall,0.727324156138035,ha,thresholded_wiki,AfriSenti-Twitter
f1,0.7324000617265284,ha,thresholded_wiki,AfriSenti-Twitter
precision,0.8008985575786238,ha,thresholded_wiki,masakhaner2
recall,0.8242881479678754,ha,thresholded_wiki,masakhaner2
f1,0.8124250419764931,ha,thresholded_wiki,masakhaner2
precision,0.8245583057873755,ig,thresholded_wiki,masakhapos
recall,0.7827887503413125,ig,thresholded_wiki,masakhapos
f1,0.8031308027843526,ig,thresholded_wiki,masakhapos
precision,0.7426695619452874,ig,thresholded_wiki,sib200
recall,0.7450980392156863,ig,thresholded_wiki,sib200
f1,0.7438818185834841,ig,thresholded_wiki,sib200
precision,0.8476118670784478,ig,thresholded_wiki,masakhanews
recall,0.8358974358974359,ig,thresholded_wiki,masakhanews
f1,0.8417138949867297,ig,thresholded_wiki,masakhanews
precision,0.8097601323407775,ig,thresholded_wiki,masakhaner
recall,0.8303647158608991,ig,thresholded_wiki,masakhaner
f1,0.8199329983249581,ig,thresholded_wiki,masakhaner
precision,0.7513302452338928,ig,thresholded_wiki,AfriSenti-Twitter
recall,0.7468766974470397,ig,thresholded_wiki,AfriSenti-Twitter
f1,0.7490968520653432,ig,thresholded_wiki,AfriSenti-Twitter
precision,0.8384358896635344,ig,thresholded_wiki,masakhaner2
recall,0.853440296204875,ig,thresholded_wiki,masakhaner2
f1,0.8458715596330275,ig,thresholded_wiki,masakhaner2
precision,0.910937847030291,sw,thresholded_wiki,masakhapos
recall,0.9133383103147941,sw,thresholded_wiki,masakhapos
f1,0.9121364993546422,sw,thresholded_wiki,masakhapos
precision,0.8207757799476066,sw,thresholded_wiki,sib200
recall,0.803921568627451,sw,thresholded_wiki,sib200
f1,0.8122612535628402,sw,thresholded_wiki,sib200
precision,0.8240216702400809,sw,thresholded_wiki,masakhanews
recall,0.8088235294117647,sw,thresholded_wiki,masakhanews
f1,0.8163518694576409,sw,thresholded_wiki,masakhanews
precision,0.5484979640989871,sw,thresholded_wiki,AfriSenti-Twitter
recall,0.5868983957219251,sw,thresholded_wiki,AfriSenti-Twitter
f1,0.5670488061758686,sw,thresholded_wiki,AfriSenti-Twitter
precision,0.8856447688564477,sw,thresholded_wiki,masakhaner2
recall,0.9247113163972286,sw,thresholded_wiki,masakhaner2
f1,0.9047565246864762,sw,thresholded_wiki,masakhaner2
precision,0.9380930207224091,yo,thresholded_wiki,masakhapos
recall,0.9380944146636694,yo,thresholded_wiki,masakhapos
f1,0.9380937176925213,yo,thresholded_wiki,masakhapos
precision,0.7019092359165888,yo,thresholded_wiki,sib200
recall,0.6911764705882353,yo,thresholded_wiki,sib200
f1,0.696501508972209,yo,thresholded_wiki,sib200
precision,0.8690992570375125,yo,thresholded_wiki,masakhanews
recall,0.8637469586374696,yo,thresholded_wiki,masakhanews
f1,0.8664148419285188,yo,thresholded_wiki,masakhanews
precision,0.6948757763975155,yo,thresholded_wiki,masakhaner
recall,0.7927369353410098,yo,thresholded_wiki,masakhaner
f1,0.7405875051717004,yo,thresholded_wiki,masakhaner
precision,0.688058125864646,yo,thresholded_wiki,AfriSenti-Twitter
recall,0.6668881506090808,yo,thresholded_wiki,AfriSenti-Twitter
f1,0.6773077560884702,yo,thresholded_wiki,AfriSenti-Twitter
precision,0.8160265528686581,yo,thresholded_wiki,masakhaner2
recall,0.8566450970632156,yo,thresholded_wiki,masakhaner2
f1,0.8358426420592521,yo,thresholded_wiki,masakhaner2
precision,0.8585918432268759,am,thresholded_wiki,masakhanews
recall,0.8590425531914894,am,thresholded_wiki,masakhanews
f1,0.8588171390756812,am,thresholded_wiki,masakhanews
precision,0.4846153846153846,am,thresholded_wiki,masakhaner
recall,0.5645161290322581,am,thresholded_wiki,masakhaner
f1,0.5215231788079471,am,thresholded_wiki,masakhaner
precision,0.7573676141903741,am,thresholded_wiki,AfriSenti-Twitter
recall,0.30665332666333167,am,thresholded_wiki,AfriSenti-Twitter
f1,0.43655023972029383,am,thresholded_wiki,AfriSenti-Twitter
precision,0.8779585372882885,sn,thresholded_wiki,masakhapos
recall,0.8817683123588255,sn,thresholded_wiki,masakhapos
f1,0.8798593007783704,sn,thresholded_wiki,masakhapos
precision,0.6543923114453594,sn,thresholded_wiki,sib200
recall,0.6421568627450981,sn,thresholded_wiki,sib200
f1,0.648216854535648,sn,thresholded_wiki,sib200
precision,0.8821200411197324,sn,thresholded_wiki,masakhanews
recall,0.8753387533875339,sn,thresholded_wiki,masakhanews
f1,0.8787163141977313,sn,thresholded_wiki,masakhanews
precision,0.9023713420787084,sn,thresholded_wiki,masakhaner2
recall,0.9278858625162127,sn,thresholded_wiki,masakhaner2
f1,0.9149507609668756,sn,thresholded_wiki,masakhaner2
precision,0.8634713240234038,zu,thresholded_wiki,masakhapos
recall,0.8730485689505637,zu,thresholded_wiki,masakhapos
f1,0.8682335363028084,zu,thresholded_wiki,masakhapos
precision,0.7128357466958289,zu,thresholded_wiki,sib200
recall,0.696078431372549,zu,thresholded_wiki,sib200
f1,0.704357435122966,zu,thresholded_wiki,sib200
precision,0.8035,zu,thresholded_wiki,masakhaner2
recall,0.8374153204794164,zu,thresholded_wiki,masakhaner2
f1,0.8201071701964786,zu,thresholded_wiki,masakhaner2
precision,0.6206485988060382,ary,thresholded_wiki,sib200
recall,0.6127450980392157,ary,thresholded_wiki,sib200
f1,0.6166715258818475,ary,thresholded_wiki,sib200
precision,0.4260142812016653,ary,thresholded_wiki,AfriSenti-Twitter
recall,0.3796014859844647,ary,thresholded_wiki,AfriSenti-Twitter
f1,0.40147092641843213,ary,thresholded_wiki,AfriSenti-Twitter
precision,0.6878976251901647,so,thresholded_wiki,sib200
recall,0.6764705882352942,so,thresholded_wiki,sib200
f1,0.682136254097767,so,thresholded_wiki,sib200
precision,0.6978530988608703,so,thresholded_wiki,masakhanews
recall,0.7074829931972789,so,thresholded_wiki,masakhanews
f1,0.702635052190286,so,thresholded_wiki,masakhanews
precision,0.9689718290212883,rw,thresholded_wiki,masakhapos
recall,0.9697219604147032,rw,thresholded_wiki,masakhapos
f1,0.9693467495952562,rw,thresholded_wiki,masakhapos
precision,0.7556183540609919,rw,thresholded_wiki,sib200
recall,0.75,rw,thresholded_wiki,sib200
f1,0.7527986943267386,rw,thresholded_wiki,sib200
precision,0.6342342342342342,rw,thresholded_wiki,masakhaner
recall,0.7272727272727273,rw,thresholded_wiki,masakhaner
f1,0.6775745909528393,rw,thresholded_wiki,masakhaner
precision,0.6041034999068237,rw,thresholded_wiki,AfriSenti-Twitter
recall,0.601364522417154,rw,thresholded_wiki,AfriSenti-Twitter
f1,0.6027308995084444,rw,thresholded_wiki,AfriSenti-Twitter
precision,0.7444966608953747,rw,thresholded_wiki,masakhaner2
recall,0.7960856916159746,rw,thresholded_wiki,masakhaner2
f1,0.7694274028629856,rw,thresholded_wiki,masakhaner2
precision,0.8210413003594024,tw,thresholded_wiki,masakhapos
recall,0.8283466779042,tw,thresholded_wiki,masakhapos
f1,0.8246778108457413,tw,thresholded_wiki,masakhapos
precision,0.6791029194749555,tw,thresholded_wiki,sib200
recall,0.6813725490196079,tw,thresholded_wiki,sib200
f1,0.6802358410789044,tw,thresholded_wiki,sib200
precision,0.6278697783791667,tw,thresholded_wiki,AfriSenti-Twitter
recall,0.6396206533192834,tw,thresholded_wiki,AfriSenti-Twitter
f1,0.633690744802184,tw,thresholded_wiki,AfriSenti-Twitter
precision,0.7157360406091371,tw,thresholded_wiki,masakhaner2
recall,0.7673469387755102,tw,thresholded_wiki,masakhaner2
f1,0.7406434668417599,tw,thresholded_wiki,masakhaner2
precision,0.5586897343282792,ln,thresholded_wiki,sib200
recall,0.553921568627451,ln,thresholded_wiki,sib200
f1,0.5562954343408965,ln,thresholded_wiki,sib200
precision,0.7683516073095906,ln,thresholded_wiki,masakhanews
recall,0.7828571428571428,ln,thresholded_wiki,masakhanews
f1,0.7755365535985088,ln,thresholded_wiki,masakhanews
precision,0.8875900662132225,lg,thresholded_wiki,masakhapos
recall,0.8952577319587629,lg,thresholded_wiki,masakhapos
f1,0.8914074105506153,lg,thresholded_wiki,masakhapos
precision,0.5778051875392001,lg,thresholded_wiki,sib200
recall,0.5833333333333334,lg,thresholded_wiki,sib200
f1,0.5805561007678156,lg,thresholded_wiki,sib200
precision,0.8452415696899114,lg,thresholded_wiki,masakhanews
recall,0.8340807174887892,lg,thresholded_wiki,masakhanews
f1,0.839624055824004,lg,thresholded_wiki,masakhanews
precision,0.7076086956521739,lg,thresholded_wiki,masakhaner
recall,0.7640845070422535,lg,thresholded_wiki,masakhaner
f1,0.734762979683973,lg,thresholded_wiki,masakhaner
precision,0.8174936921783011,lg,thresholded_wiki,masakhaner2
recall,0.8575209528010587,lg,thresholded_wiki,masakhaner2
f1,0.8370290635091497,lg,thresholded_wiki,masakhaner2
precision,0.9242313795317231,wo,thresholded_wiki,masakhapos
recall,0.9248877633245078,wo,thresholded_wiki,masakhapos
f1,0.9245594549294883,wo,thresholded_wiki,masakhapos
precision,0.46380203244088336,wo,thresholded_wiki,sib200
recall,0.45098039215686275,wo,thresholded_wiki,sib200
f1,0.45730135789461673,wo,thresholded_wiki,sib200
precision,0.5855513307984791,wo,thresholded_wiki,masakhaner
recall,0.6062992125984252,wo,thresholded_wiki,masakhaner
f1,0.5957446808510638,wo,thresholded_wiki,masakhaner
precision,0.7093167701863354,wo,thresholded_wiki,masakhaner2
recall,0.7508218277449047,wo,thresholded_wiki,masakhaner2
f1,0.7294793995528585,wo,thresholded_wiki,masakhaner2
precision,0.7945900724662334,om,thresholded_wiki,masakhanews
recall,0.796923076923077,om,thresholded_wiki,masakhanews
f1,0.7957548647151311,om,thresholded_wiki,masakhanews
precision,0.8841872244257737,tn,thresholded_wiki,masakhapos
recall,0.8864459389549922,tn,thresholded_wiki,masakhapos
f1,0.8853151410217481,tn,thresholded_wiki,masakhapos
precision,0.6528955350056544,tn,thresholded_wiki,sib200
recall,0.6470588235294118,tn,thresholded_wiki,sib200
f1,0.6499640760379338,tn,thresholded_wiki,sib200
precision,0.7527272727272727,tn,thresholded_wiki,masakhaner2
recall,0.8247011952191236,tn,thresholded_wiki,masakhaner2
f1,0.7870722433460077,tn,thresholded_wiki,masakhaner2
precision,0.7909027188418696,ny,thresholded_wiki,masakhapos
recall,0.8032185781218171,ny,thresholded_wiki,masakhapos
f1,0.7970130735607591,ny,thresholded_wiki,masakhapos
precision,0.6670707968502086,ny,thresholded_wiki,sib200
recall,0.6666666666666666,ny,thresholded_wiki,sib200
f1,0.6668686705315434,ny,thresholded_wiki,sib200
precision,0.8666473821232282,ny,thresholded_wiki,masakhaner2
recall,0.8679026651216686,ny,thresholded_wiki,masakhaner2
f1,0.8672745694022289,ny,thresholded_wiki,masakhaner2
precision,0.884780851744077,ee,thresholded_wiki,masakhapos
recall,0.8784699036535343,ee,thresholded_wiki,masakhapos
f1,0.8816140837675029,ee,thresholded_wiki,masakhapos
precision,0.5492659309864626,ee,thresholded_wiki,sib200
recall,0.5637254901960784,ee,thresholded_wiki,sib200
f1,0.5564017840575358,ee,thresholded_wiki,sib200
precision,0.7573042462017919,ee,thresholded_wiki,masakhaner2
recall,0.8307692307692308,ee,thresholded_wiki,masakhaner2
f1,0.7923374770735683,ee,thresholded_wiki,masakhaner2
precision,0.8926142621258376,bm,thresholded_wiki,masakhapos
recall,0.8956405990016639,bm,thresholded_wiki,masakhapos
f1,0.8941248697668853,bm,thresholded_wiki,masakhapos
precision,0.46940469394913126,bm,thresholded_wiki,sib200
recall,0.47058823529411764,bm,thresholded_wiki,sib200
f1,0.4699957195255329,bm,thresholded_wiki,sib200
precision,0.7304347826086957,bm,thresholded_wiki,masakhaner2
recall,0.7069625095638867,bm,thresholded_wiki,masakhaner2
f1,0.71850699844479,bm,thresholded_wiki,masakhaner2
precision,0.5830106801174576,ts,thresholded_wiki,sib200
recall,0.5833333333333334,ts,thresholded_wiki,sib200
f1,0.5831719620965825,ts,thresholded_wiki,sib200
precision,0.5005289493078339,ts,thresholded_wiki,AfriSenti-Twitter
recall,0.531496062992126,ts,thresholded_wiki,AfriSenti-Twitter
f1,0.5155479039753685,ts,thresholded_wiki,AfriSenti-Twitter
precision,0.5117670108795869,rn,thresholded_wiki,sib200
recall,0.5245098039215687,rn,thresholded_wiki,sib200
f1,0.5180600602002007,rn,thresholded_wiki,sib200
precision,0.7098856163525509,rn,thresholded_wiki,masakhanews
recall,0.7111801242236024,rn,thresholded_wiki,masakhanews
f1,0.7105322806775539,rn,thresholded_wiki,masakhanews
precision,0.885102387848347,fon,thresholded_wiki,masakhapos
recall,0.886245127322432,fon,thresholded_wiki,masakhapos
f1,0.88567338898084,fon,thresholded_wiki,masakhapos
precision,0.5169636965631548,fon,thresholded_wiki,sib200
recall,0.5196078431372549,fon,thresholded_wiki,sib200
f1,0.5182823974292781,fon,thresholded_wiki,sib200
precision,0.7085953878406709,fon,thresholded_wiki,masakhaner2
recall,0.776416539050536,fon,thresholded_wiki,masakhaner2
f1,0.7409572524662038,fon,thresholded_wiki,masakhaner2
precision,0.40440183426311704,ti,thresholded_wiki,sib200
recall,0.39215686274509803,ti,thresholded_wiki,sib200
f1,0.39818523156831853,ti,thresholded_wiki,sib200
precision,0.638774002423936,ti,thresholded_wiki,masakhanews
recall,0.6213235294117647,ti,thresholded_wiki,masakhanews
f1,0.6299279343946328,ti,thresholded_wiki,masakhanews
precision,0.7164318546197131,pcm,raw_wiki,masakhapos
recall,0.7509611560387114,pcm,raw_wiki,masakhapos
f1,0.7332902499334786,pcm,raw_wiki,masakhapos
precision,0.5724136198429916,pcm,raw_wiki,AfriSenti-Twitter
recall,0.6369764082811747,pcm,raw_wiki,AfriSenti-Twitter
f1,0.6029716851301509,pcm,raw_wiki,AfriSenti-Twitter
precision,0.5867544539116963,pcm,raw_wiki,masakhaner2
recall,0.6474358974358975,pcm,raw_wiki,masakhaner2
f1,0.6156034132466477,pcm,raw_wiki,masakhaner2
precision,0.8073261331665742,pcm,raw_wiki,masakhanews
recall,0.8524590163934426,pcm,raw_wiki,masakhanews
f1,0.8292789480256932,pcm,raw_wiki,masakhanews
precision,0.29496478165841294,ha,raw_wiki,sib200
recall,0.3382352941176471,ha,raw_wiki,sib200
f1,0.31512156582200096,ha,raw_wiki,sib200
precision,0.7883369403100724,ha,raw_wiki,masakhapos
recall,0.7951807228915663,ha,raw_wiki,masakhapos
f1,0.7917440425772704,ha,raw_wiki,masakhapos
precision,0.7128938340828451,ha,raw_wiki,AfriSenti-Twitter
recall,0.7063926079577597,ha,raw_wiki,AfriSenti-Twitter
f1,0.7096283311644292,ha,raw_wiki,AfriSenti-Twitter
precision,0.5723003449190767,ha,raw_wiki,masakhaner2
recall,0.5249452421513751,ha,raw_wiki,masakhaner2
f1,0.5476009139375476,ha,raw_wiki,masakhaner2
precision,0.8116169544740973,ha,raw_wiki,masakhaner
recall,0.9006968641114983,ha,raw_wiki,masakhaner
f1,0.8538398018166804,ha,raw_wiki,masakhaner
precision,0.7670787474123429,ha,raw_wiki,masakhanews
recall,0.7535321821036107,ha,raw_wiki,masakhanews
f1,0.7602451240659228,ha,raw_wiki,masakhanews
precision,0.42522788864252276,ha,raw_wiki,afrixnli
recall,0.43666666666666665,ha,raw_wiki,afrixnli
f1,0.4308713718248852,ha,raw_wiki,afrixnli
precision,0.38619475568004985,ig,raw_wiki,sib200
recall,0.30392156862745096,ig,raw_wiki,sib200
f1,0.3401540053693241,ig,raw_wiki,sib200
precision,0.7016935523755544,ig,raw_wiki,masakhapos
recall,0.6947756439428415,ig,raw_wiki,masakhapos
f1,0.6982174629953113,ig,raw_wiki,masakhapos
precision,0.7249953298008032,ig,raw_wiki,AfriSenti-Twitter
recall,0.7110266159695817,ig,raw_wiki,AfriSenti-Twitter
f1,0.7179430334756752,ig,raw_wiki,AfriSenti-Twitter
precision,0.7412193505632869,ig,raw_wiki,masakhaner2
recall,0.6902190681888306,ig,raw_wiki,masakhaner2
f1,0.7148106726314108,ig,raw_wiki,masakhaner2
precision,0.7834549878345499,ig,raw_wiki,masakhaner
recall,0.8193384223918575,ig,raw_wiki,masakhaner
f1,0.8009950248756219,ig,raw_wiki,masakhaner
precision,0.7319682975466187,ig,raw_wiki,masakhanews
recall,0.7076923076923077,ig,raw_wiki,masakhanews
f1,0.7196256281006003,ig,raw_wiki,masakhanews
precision,0.39949615486608325,ig,raw_wiki,afrixnli
recall,0.38333333333333336,ig,raw_wiki,afrixnli
f1,0.39124788988443054,ig,raw_wiki,afrixnli
precision,0.0832798459563543,sw,raw_wiki,sib200
recall,0.2549019607843137,sw,raw_wiki,sib200
f1,0.12554309903707495,sw,raw_wiki,sib200
precision,0.7004008640987641,sw,raw_wiki,masakhapos
recall,0.7073534901082493,sw,raw_wiki,masakhapos
f1,0.7038600082670959,sw,raw_wiki,masakhapos
precision,0.4867596357645009,sw,raw_wiki,AfriSenti-Twitter
recall,0.5735294117647058,sw,raw_wiki,AfriSenti-Twitter
f1,0.5265940796452989,sw,raw_wiki,AfriSenti-Twitter
precision,0.799080761654629,sw,raw_wiki,masakhaner2
recall,0.8431870669745959,sw,raw_wiki,masakhaner2
f1,0.8205416338914485,sw,raw_wiki,masakhaner2
precision,0.5657867169320104,sw,raw_wiki,masakhanews
recall,0.5588235294117647,sw,raw_wiki,masakhanews
f1,0.5622835663789453,sw,raw_wiki,masakhanews
precision,0.3066830156405407,yo,raw_wiki,sib200
recall,0.3382352941176471,yo,raw_wiki,sib200
f1,0.3216873158244157,yo,raw_wiki,sib200
precision,0.8728460933129607,yo,raw_wiki,masakhapos
recall,0.8739553916200795,yo,raw_wiki,masakhapos
f1,0.8734003902391076,yo,raw_wiki,masakhapos
precision,0.6583512891579397,yo,raw_wiki,AfriSenti-Twitter
recall,0.6157253599114064,yo,raw_wiki,AfriSenti-Twitter
f1,0.636325270949766,yo,raw_wiki,AfriSenti-Twitter
precision,0.7373831775700934,yo,raw_wiki,masakhaner2
recall,0.7854654056744649,yo,raw_wiki,masakhaner2
f1,0.7606652205350687,yo,raw_wiki,masakhaner2
precision,0.6963873943120676,yo,raw_wiki,masakhaner
recall,0.8024800708591674,yo,raw_wiki,masakhaner
f1,0.745679012345679,yo,raw_wiki,masakhaner
precision,0.7805288391512232,yo,raw_wiki,masakhanews
recall,0.7712895377128953,yo,raw_wiki,masakhanews
f1,0.7758816837020145,yo,raw_wiki,masakhanews
precision,0.8340383029885804,am,raw_wiki,AfriSenti-Twitter
recall,0.1345672836418209,am,raw_wiki,AfriSenti-Twitter
f1,0.23174400485722865,am,raw_wiki,AfriSenti-Twitter
precision,0.5628930817610063,am,raw_wiki,masakhaner
recall,0.6415770609318996,am,raw_wiki,masakhaner
f1,0.5996649916247906,am,raw_wiki,masakhaner
precision,0.7835523011092325,am,raw_wiki,masakhanews
recall,0.7632978723404256,am,raw_wiki,masakhanews
f1,0.7732924811590824,am,raw_wiki,masakhanews
precision,0.3691147801387337,zu,raw_wiki,sib200
recall,0.37745098039215685,zu,raw_wiki,sib200
f1,0.37323633899718794,zu,raw_wiki,sib200
precision,0.7706711948840996,zu,raw_wiki,masakhapos
recall,0.7814871016691958,zu,raw_wiki,masakhapos
f1,0.7760414640276108,zu,raw_wiki,masakhapos
precision,0.6780487804878049,zu,raw_wiki,masakhaner2
recall,0.7243355914538823,zu,raw_wiki,masakhaner2
f1,0.7004283194759385,zu,raw_wiki,masakhaner2
precision,0.3508579592308245,ary,raw_wiki,sib200
recall,0.35294117647058826,ary,raw_wiki,sib200
f1,0.35189648473092977,ary,raw_wiki,sib200
precision,0.4209581096364963,ary,raw_wiki,AfriSenti-Twitter
recall,0.42451874366767983,ary,raw_wiki,AfriSenti-Twitter
f1,0.4227309290401461,ary,raw_wiki,AfriSenti-Twitter
precision,0.42245201702752966,rw,raw_wiki,sib200
recall,0.4068627450980392,rw,raw_wiki,sib200
f1,0.41451085925321923,rw,raw_wiki,sib200
precision,0.8748231462619975,rw,raw_wiki,masakhapos
recall,0.8782685512367491,rw,raw_wiki,masakhapos
f1,0.8765424630692468,rw,raw_wiki,masakhapos
precision,0.5403317054929211,rw,raw_wiki,AfriSenti-Twitter
recall,0.5409356725146199,rw,raw_wiki,AfriSenti-Twitter
f1,0.5406335203238627,rw,raw_wiki,AfriSenti-Twitter
precision,0.654144753318307,rw,raw_wiki,masakhaner2
recall,0.6908225337212378,rw,raw_wiki,masakhaner2
f1,0.671983534859789,rw,raw_wiki,masakhaner2
precision,0.5969750889679716,rw,raw_wiki,masakhaner
recall,0.6931818181818182,rw,raw_wiki,masakhaner
f1,0.6414913957934991,rw,raw_wiki,masakhaner
precision,0.4667187102053555,tw,raw_wiki,sib200
recall,0.47549019607843135,tw,raw_wiki,sib200
f1,0.4710636241049843,tw,raw_wiki,sib200
precision,0.7488225863818961,tw,raw_wiki,masakhapos
recall,0.7540387439681097,tw,raw_wiki,masakhapos
f1,0.7514216130091728,tw,raw_wiki,masakhapos
precision,0.6075505928960903,tw,raw_wiki,AfriSenti-Twitter
recall,0.6059009483667018,tw,raw_wiki,AfriSenti-Twitter
f1,0.6067246493146476,tw,raw_wiki,AfriSenti-Twitter
precision,0.5608272506082725,tw,raw_wiki,masakhaner2
recall,0.6272108843537415,tw,raw_wiki,masakhaner2
f1,0.5921644187540142,tw,raw_wiki,masakhaner2
precision,0.09467455621301775,om,raw_wiki,masakhanews
recall,0.3076923076923077,om,raw_wiki,masakhanews
f1,0.14479638009049775,om,raw_wiki,masakhanews
precision,0.4456390275545955,ts,raw_wiki,sib200
recall,0.4852941176470588,ts,raw_wiki,sib200
f1,0.4646219758763756,ts,raw_wiki,sib200
precision,0.49501711651177444,ts,raw_wiki,AfriSenti-Twitter
recall,0.5039370078740157,ts,raw_wiki,AfriSenti-Twitter
f1,0.49943723831111114,ts,raw_wiki,AfriSenti-Twitter
precision,0.29957835201728195,ti,raw_wiki,sib200
recall,0.28921568627450983,ti,raw_wiki,sib200
f1,0.2943058286494636,ti,raw_wiki,sib200
precision,0.5064482497385624,ti,raw_wiki,masakhanews
recall,0.5625,ti,raw_wiki,masakhanews
f1,0.5330045501222628,ti,raw_wiki,masakhanews
precision,0.5659519175086872,pcm,absolute_hi,AfriSenti-Twitter
recall,0.6304766490129995,pcm,absolute_hi,AfriSenti-Twitter
f1,0.5964743377713237,pcm,absolute_hi,AfriSenti-Twitter
precision,0.7448846321288637,pcm,absolute_hi,masakhaner2
recall,0.7311965811965812,pcm,absolute_hi,masakhaner2
f1,0.7379771403924951,pcm,absolute_hi,masakhaner2
precision,0.9113427408768372,pcm,absolute_hi,masakhanews
recall,0.898360655737705,pcm,absolute_hi,masakhanews
f1,0.9048051341755811,pcm,absolute_hi,masakhanews
precision,0.8582737443798405,pcm,absolute_hi,masakhapos
recall,0.8580140527641522,pcm,absolute_hi,masakhapos
f1,0.858143878925019,pcm,absolute_hi,masakhapos
precision,0.7300744391903992,ha,absolute_hi,AfriSenti-Twitter
recall,0.7229869884970771,ha,absolute_hi,AfriSenti-Twitter
f1,0.7265134289731976,ha,absolute_hi,AfriSenti-Twitter
precision,0.7680722891566265,ha,absolute_hi,masakhaner2
recall,0.8067656364078851,ha,absolute_hi,masakhaner2
f1,0.7869436201780415,ha,absolute_hi,masakhaner2
precision,0.8762141779930922,ha,absolute_hi,masakhanews
recall,0.8759811616954474,ha,absolute_hi,masakhanews
f1,0.8760976543503938,ha,absolute_hi,masakhanews
precision,0.9171384275715071,ha,absolute_hi,masakhapos
recall,0.9178490443796566,ha,absolute_hi,masakhapos
f1,0.9174935983789345,ha,absolute_hi,masakhapos
precision,0.8379254457050244,ha,absolute_hi,masakhaner
recall,0.9006968641114983,ha,absolute_hi,masakhaner
f1,0.8681780016792613,ha,absolute_hi,masakhaner
precision,0.7673489908784026,ha,absolute_hi,sib200
recall,0.7647058823529411,ha,absolute_hi,sib200
f1,0.7660251566638243,ha,absolute_hi,sib200
precision,0.7593213273162884,ig,absolute_hi,AfriSenti-Twitter
recall,0.7430744160782183,ig,absolute_hi,AfriSenti-Twitter
f1,0.7511100246283507,ig,absolute_hi,AfriSenti-Twitter
precision,0.829940119760479,ig,absolute_hi,masakhaner2
recall,0.8552915766738661,ig,absolute_hi,masakhaner2
f1,0.8424251633490349,ig,absolute_hi,masakhaner2
precision,0.844899033630742,ig,absolute_hi,masakhanews
recall,0.8435897435897436,ig,absolute_hi,masakhanews
f1,0.8442438809845971,ig,absolute_hi,masakhanews
precision,0.8249204911795991,ig,absolute_hi,masakhapos
recall,0.7812869755165195,ig,absolute_hi,masakhapos
f1,0.8025110690351992,ig,absolute_hi,masakhapos
precision,0.7925445705024311,ig,absolute_hi,masakhaner
recall,0.8295165394402035,ig,absolute_hi,masakhaner
f1,0.8106092001657688,ig,absolute_hi,masakhaner
precision,0.7594524592145976,ig,absolute_hi,sib200
recall,0.7598039215686274,ig,absolute_hi,sib200
f1,0.7596281497382417,ig,absolute_hi,sib200
precision,0.513826636213317,sw,absolute_hi,AfriSenti-Twitter
recall,0.5922459893048129,sw,absolute_hi,AfriSenti-Twitter
f1,0.5502563890915717,sw,absolute_hi,AfriSenti-Twitter
precision,0.8775465013286093,sw,absolute_hi,masakhaner2
recall,0.915242494226328,sw,absolute_hi,masakhaner2
f1,0.8959981912728916,sw,absolute_hi,masakhaner2
precision,0.8143477155877585,sw,absolute_hi,masakhanews
recall,0.7983193277310925,sw,absolute_hi,masakhanews
f1,0.8062538681381521,sw,absolute_hi,masakhanews
precision,0.9034504012520086,sw,absolute_hi,masakhapos
recall,0.9138982207291277,sw,absolute_hi,masakhapos
f1,0.9086442790719516,sw,absolute_hi,masakhapos
precision,0.7850276896689664,sw,absolute_hi,sib200
recall,0.7843137254901961,sw,absolute_hi,sib200
f1,0.7846705451723308,sw,absolute_hi,sib200
precision,0.6985100928930398,yo,absolute_hi,AfriSenti-Twitter
recall,0.6551495016611296,yo,absolute_hi,AfriSenti-Twitter
f1,0.6761353313716442,yo,absolute_hi,AfriSenti-Twitter
precision,0.8305905130687319,yo,absolute_hi,masakhaner2
recall,0.8541562966650075,yo,absolute_hi,masakhaner2
f1,0.8422085889570553,yo,absolute_hi,masakhaner2
precision,0.8480877009186772,yo,absolute_hi,masakhanews
recall,0.8442822384428224,yo,absolute_hi,masakhanews
f1,0.8461806911999288,yo,absolute_hi,masakhanews
precision,0.9310398447707018,yo,absolute_hi,masakhapos
recall,0.9312928699060464,yo,absolute_hi,masakhapos
f1,0.9311663401497916,yo,absolute_hi,masakhapos
precision,0.6890145395799677,yo,absolute_hi,masakhaner
recall,0.7555358724534986,yo,absolute_hi,masakhaner
f1,0.7207435572454584,yo,absolute_hi,masakhaner
precision,0.6431054147073266,yo,absolute_hi,sib200
recall,0.6372549019607843,yo,absolute_hi,sib200
f1,0.6401667915891822,yo,absolute_hi,sib200
precision,0.7429573400440798,am,absolute_hi,AfriSenti-Twitter
recall,0.304152076038019,am,absolute_hi,AfriSenti-Twitter
f1,0.43161108841442014,am,absolute_hi,AfriSenti-Twitter
precision,0.8572333765600575,am,absolute_hi,masakhanews
recall,0.8563829787234043,am,absolute_hi,masakhanews
f1,0.856807966632867,am,absolute_hi,masakhanews
precision,0.5212121212121212,am,absolute_hi,masakhaner
recall,0.6164874551971327,am,absolute_hi,masakhaner
f1,0.5648604269293925,am,absolute_hi,masakhaner
precision,0.8877805486284289,sn,absolute_hi,masakhaner2
recall,0.9234760051880675,sn,absolute_hi,masakhaner2
f1,0.9052765416401781,sn,absolute_hi,masakhaner2
precision,0.8952110184963468,sn,absolute_hi,masakhanews
recall,0.8943089430894309,sn,absolute_hi,masakhanews
f1,0.8947597534302282,sn,absolute_hi,masakhanews
precision,0.8713018444071371,sn,absolute_hi,masakhapos
recall,0.8782187802516941,sn,absolute_hi,masakhapos
f1,0.8747466388691535,sn,absolute_hi,masakhapos
precision,0.6304390683922148,sn,absolute_hi,sib200
recall,0.6421568627450981,sn,absolute_hi,sib200
f1,0.6362440180818159,sn,absolute_hi,sib200
precision,0.7795511221945137,zu,absolute_hi,masakhaner2
recall,0.8144867118290776,zu,absolute_hi,masakhaner2
f1,0.7966360856269113,zu,absolute_hi,masakhaner2
precision,0.8695365843063958,zu,absolute_hi,masakhapos
recall,0.8742411101474414,zu,absolute_hi,masakhapos
f1,0.8718825010729738,zu,absolute_hi,masakhapos
precision,0.6632310192412495,zu,absolute_hi,sib200
recall,0.6617647058823529,zu,absolute_hi,sib200
f1,0.6624970512101773,zu,absolute_hi,sib200
precision,0.43731750675809655,ary,absolute_hi,AfriSenti-Twitter
recall,0.37318473488686255,ary,absolute_hi,AfriSenti-Twitter
f1,0.4027137975329473,ary,absolute_hi,AfriSenti-Twitter
precision,0.577435656539433,ary,absolute_hi,sib200
recall,0.5637254901960784,ary,absolute_hi,sib200
f1,0.5704982148587492,ary,absolute_hi,sib200
precision,0.679100278357155,so,absolute_hi,masakhanews
recall,0.6768707482993197,so,absolute_hi,masakhanews
f1,0.6779836803966404,so,absolute_hi,masakhanews
precision,0.6460806295104317,so,absolute_hi,sib200
recall,0.6470588235294118,so,absolute_hi,sib200
f1,0.6465693565429883,so,absolute_hi,sib200
precision,0.5917592501029022,rw,absolute_hi,AfriSenti-Twitter
recall,0.5886939571150097,rw,absolute_hi,AfriSenti-Twitter
f1,0.5902226237726337,rw,absolute_hi,AfriSenti-Twitter
precision,0.7351689612015019,rw,absolute_hi,masakhaner2
recall,0.7767786299920656,rw,absolute_hi,masakhaner2
f1,0.7554012345679012,rw,absolute_hi,masakhaner2
precision,0.9650264575457815,rw,absolute_hi,masakhapos
recall,0.9657163053722903,rw,absolute_hi,masakhapos
f1,0.9653712582188941,rw,absolute_hi,masakhapos
precision,0.5695305580159433,rw,absolute_hi,masakhaner
recall,0.6642561983471075,rw,absolute_hi,masakhaner
f1,0.6132570338578923,rw,absolute_hi,masakhaner
precision,0.7281142711498335,rw,absolute_hi,sib200
recall,0.7156862745098039,rw,absolute_hi,sib200
f1,0.7218467837585794,rw,absolute_hi,sib200
precision,0.6129038619515358,tw,absolute_hi,AfriSenti-Twitter
recall,0.6280295047418335,tw,absolute_hi,AfriSenti-Twitter
f1,0.6203745006896781,tw,absolute_hi,AfriSenti-Twitter
precision,0.7171717171717171,tw,absolute_hi,masakhaner2
recall,0.7727891156462585,tw,absolute_hi,masakhaner2
f1,0.7439423706614275,tw,absolute_hi,masakhaner2
precision,0.8238550474572278,tw,absolute_hi,masakhapos
recall,0.8309453574940301,tw,absolute_hi,masakhapos
f1,0.8273850125783255,tw,absolute_hi,masakhapos
precision,0.6368643511716712,tw,absolute_hi,sib200
recall,0.6470588235294118,tw,absolute_hi,sib200
f1,0.6419211148095434,tw,absolute_hi,sib200
precision,0.7853796903376735,ln,absolute_hi,masakhanews
recall,0.7885714285714286,ln,absolute_hi,masakhanews
f1,0.7869723232698849,ln,absolute_hi,masakhanews
precision,0.5650562399518696,ln,absolute_hi,sib200
recall,0.5637254901960784,ln,absolute_hi,sib200
f1,0.5643900806464514,ln,absolute_hi,sib200
precision,0.8074011774600505,lg,absolute_hi,masakhaner2
recall,0.846934274371416,lg,absolute_hi,masakhaner2
f1,0.8266953713670614,lg,absolute_hi,masakhaner2
precision,0.8674526466054041,lg,absolute_hi,masakhanews
recall,0.8609865470852018,lg,absolute_hi,masakhanews
f1,0.8642075019902575,lg,absolute_hi,masakhanews
precision,0.891543055688715,lg,absolute_hi,masakhapos
recall,0.8980412371134021,lg,absolute_hi,masakhapos
f1,0.8947803485880139,lg,absolute_hi,masakhapos
precision,0.690677966101695,lg,absolute_hi,masakhaner
recall,0.7652582159624414,lg,absolute_hi,masakhaner
f1,0.7260579064587973,lg,absolute_hi,masakhaner
precision,0.5870977170210808,lg,absolute_hi,sib200
recall,0.5392156862745098,lg,absolute_hi,sib200
f1,0.5621389170499617,lg,absolute_hi,sib200
precision,0.6599645180366647,wo,absolute_hi,masakhaner2
recall,0.7337278106508875,wo,absolute_hi,masakhaner2
f1,0.6948941469489415,wo,absolute_hi,masakhaner2
precision,0.9225237873743856,wo,absolute_hi,masakhapos
recall,0.92327615977898,wo,absolute_hi,masakhapos
f1,0.9228998202382249,wo,absolute_hi,masakhapos
precision,0.4393700787401575,wo,absolute_hi,masakhaner
recall,0.5492125984251969,wo,absolute_hi,masakhaner
f1,0.4881889763779528,wo,absolute_hi,masakhaner
precision,0.41142406896882594,wo,absolute_hi,sib200
recall,0.4117647058823529,wo,absolute_hi,sib200
f1,0.41159431694752274,wo,absolute_hi,sib200
precision,0.7381381381381381,tn,absolute_hi,masakhaner2
recall,0.8160690571049137,tn,absolute_hi,masakhaner2
f1,0.7751497950173447,tn,absolute_hi,masakhaner2
precision,0.8777459522002599,tn,absolute_hi,masakhapos
recall,0.8804966373512675,tn,absolute_hi,masakhapos
f1,0.879119143119091,tn,absolute_hi,masakhapos
precision,0.6010283542314532,tn,absolute_hi,sib200
recall,0.6127450980392157,tn,absolute_hi,sib200
f1,0.6068301743607014,tn,absolute_hi,sib200
precision,0.8563567911960615,ny,absolute_hi,masakhaner2
recall,0.8566048667439166,ny,absolute_hi,masakhaner2
f1,0.8564808110065171,ny,absolute_hi,masakhaner2
precision,0.7977108056305638,ny,absolute_hi,masakhapos
recall,0.8049500916683642,ny,absolute_hi,masakhapos
f1,0.8013140985711581,ny,absolute_hi,masakhapos
precision,0.588733054596634,ny,absolute_hi,sib200
recall,0.5833333333333334,ny,absolute_hi,sib200
f1,0.5860207556807613,ny,absolute_hi,sib200
precision,0.7390642829973374,ee,absolute_hi,masakhaner2
recall,0.8303418803418804,ee,absolute_hi,masakhaner2
f1,0.782048701952103,ee,absolute_hi,masakhaner2
precision,0.8860945627346694,ee,absolute_hi,masakhapos
recall,0.8812362873223314,ee,absolute_hi,masakhapos
f1,0.8836587474898887,ee,absolute_hi,masakhapos
precision,0.5787347204410354,ee,absolute_hi,sib200
recall,0.5686274509803921,ee,absolute_hi,sib200
f1,0.5736365675548539,ee,absolute_hi,sib200
precision,0.6770753998476771,bm,absolute_hi,masakhaner2
recall,0.6801836266258607,bm,absolute_hi,masakhaner2
f1,0.6786259541984733,bm,absolute_hi,masakhaner2
precision,0.8784185238782908,bm,absolute_hi,masakhapos
recall,0.881198003327787,bm,absolute_hi,masakhapos
f1,0.8798060683787128,bm,absolute_hi,masakhapos
precision,0.42699479906117693,bm,absolute_hi,sib200
recall,0.4117647058823529,bm,absolute_hi,sib200
f1,0.41924147938104667,bm,absolute_hi,sib200
precision,0.4879779828329883,ts,absolute_hi,AfriSenti-Twitter
recall,0.5118110236220472,ts,absolute_hi,AfriSenti-Twitter
f1,0.499610436374619,ts,absolute_hi,AfriSenti-Twitter
precision,0.5334963513212828,ts,absolute_hi,sib200
recall,0.5392156862745098,ts,absolute_hi,sib200
f1,0.5363407720256216,ts,absolute_hi,sib200
precision,0.7181882154379369,rn,absolute_hi,masakhanews
recall,0.7142857142857143,rn,absolute_hi,masakhanews
f1,0.7162316490529557,rn,absolute_hi,masakhanews
precision,0.47636584548349253,rn,absolute_hi,sib200
recall,0.47549019607843135,rn,absolute_hi,sib200
f1,0.47592761800898425,rn,absolute_hi,sib200
precision,0.6747237569060773,fon,absolute_hi,masakhaner2
recall,0.7480857580398163,fon,absolute_hi,masakhaner2
f1,0.7095134350036311,fon,absolute_hi,masakhaner2
precision,0.8831991147168534,fon,absolute_hi,masakhapos
recall,0.8843719941274744,fon,absolute_hi,masakhapos
f1,0.8837851652875754,fon,absolute_hi,masakhapos
precision,0.446050053633982,fon,absolute_hi,sib200
recall,0.45098039215686275,fon,absolute_hi,sib200
f1,0.4485016736128622,fon,absolute_hi,sib200
precision,0.5717630445171215,ti,absolute_hi,masakhanews
recall,0.6029411764705882,ti,absolute_hi,masakhanews
f1,0.586938357016707,ti,absolute_hi,masakhanews
precision,0.24684223431215538,ti,absolute_hi,sib200
recall,0.31862745098039214,ti,absolute_hi,sib200
f1,0.2781783496404288,ti,absolute_hi,sib200
precision,0.5620476127766781,pcm,fraction_hi,AfriSenti-Twitter
recall,0.634087626384208,pcm,fraction_hi,AfriSenti-Twitter
f1,0.5958982312911164,pcm,fraction_hi,AfriSenti-Twitter
precision,0.8546007245865033,pcm,fraction_hi,masakhapos
recall,0.8583454858809493,pcm,fraction_hi,masakhapos
f1,0.8564690119244716,pcm,fraction_hi,masakhapos
precision,0.745863385659737,pcm,fraction_hi,masakhaner2
recall,0.7512820512820513,pcm,fraction_hi,masakhaner2
f1,0.7485629124973386,pcm,fraction_hi,masakhaner2
precision,0.7345232654788612,ha,fraction_hi,AfriSenti-Twitter
recall,0.7156326607580614,ha,fraction_hi,AfriSenti-Twitter
f1,0.7249549229197279,ha,fraction_hi,AfriSenti-Twitter
precision,0.9154356522030602,ha,fraction_hi,masakhapos
recall,0.9164237123420796,ha,fraction_hi,masakhapos
f1,0.915929415804833,ha,fraction_hi,masakhapos
precision,0.7907519850537132,ha,fraction_hi,masakhaner2
recall,0.8240447797517644,ha,fraction_hi,masakhaner2
f1,0.8070551781670838,ha,fraction_hi,masakhaner2
precision,0.7615918047993356,ig,fraction_hi,AfriSenti-Twitter
recall,0.7419880499728408,ig,fraction_hi,AfriSenti-Twitter
f1,0.7516621299824194,ig,fraction_hi,AfriSenti-Twitter
precision,0.8245880463430806,ig,fraction_hi,masakhapos
recall,0.7824701920451442,ig,fraction_hi,masakhapos
f1,0.8029772058880827,ig,fraction_hi,masakhapos
precision,0.8378216636744464,ig,fraction_hi,masakhaner2
recall,0.8639308855291576,ig,fraction_hi,masakhaner2
f1,0.8506759835941061,ig,fraction_hi,masakhaner2
precision,0.5360796105702277,sw,fraction_hi,AfriSenti-Twitter
recall,0.5868983957219251,sw,fraction_hi,AfriSenti-Twitter
f1,0.5603391369377339,sw,fraction_hi,AfriSenti-Twitter
precision,0.8824441000664157,sw,fraction_hi,masakhaner2
recall,0.920554272517321,sw,fraction_hi,masakhaner2
f1,0.9010964168644737,sw,fraction_hi,masakhaner2
precision,0.680820738767563,yo,fraction_hi,AfriSenti-Twitter
recall,0.655592469545958,yo,fraction_hi,AfriSenti-Twitter
f1,0.667968479614157,yo,fraction_hi,AfriSenti-Twitter
precision,0.9311110846857427,yo,fraction_hi,masakhapos
recall,0.9312928699060464,yo,fraction_hi,masakhapos
f1,0.9312019684240634,yo,fraction_hi,masakhapos
precision,0.8271366489618541,yo,fraction_hi,masakhaner2
recall,0.8526630164260827,yo,fraction_hi,masakhaner2
f1,0.8397058823529412,yo,fraction_hi,masakhaner2
precision,0.7329676133057844,am,fraction_hi,AfriSenti-Twitter
recall,0.2051025512756378,am,fraction_hi,AfriSenti-Twitter
f1,0.32051659495750423,am,fraction_hi,AfriSenti-Twitter
precision,0.8666656640699787,sn,fraction_hi,masakhapos
recall,0.8740884156179413,sn,fraction_hi,masakhapos
f1,0.8703612141620943,sn,fraction_hi,masakhapos
precision,0.8994427558257345,sn,fraction_hi,masakhaner2
recall,0.9211413748378728,sn,fraction_hi,masakhaner2
f1,0.910162757913623,sn,fraction_hi,masakhaner2
precision,0.8694224173432757,zu,fraction_hi,masakhapos
recall,0.8728317432784042,zu,fraction_hi,masakhapos
f1,0.8711237445451421,zu,fraction_hi,masakhapos
precision,0.7769679300291545,zu,fraction_hi,masakhaner2
recall,0.8332464825429912,zu,fraction_hi,masakhaner2
f1,0.8041237113402061,zu,fraction_hi,masakhaner2
precision,0.4804431719699998,ary,fraction_hi,AfriSenti-Twitter
recall,0.3768996960486322,ary,fraction_hi,AfriSenti-Twitter
f1,0.4224188297095589,ary,fraction_hi,AfriSenti-Twitter
precision,0.5949385437308979,rw,fraction_hi,AfriSenti-Twitter
recall,0.594541910331384,rw,fraction_hi,AfriSenti-Twitter
f1,0.5947401609022469,rw,fraction_hi,AfriSenti-Twitter
precision,0.9626354509216336,rw,fraction_hi,masakhapos
recall,0.9633600377002828,rw,fraction_hi,masakhapos
f1,0.9629976080110543,rw,fraction_hi,masakhapos
precision,0.7478601124969431,rw,fraction_hi,masakhaner2
recall,0.8087807458344354,rw,fraction_hi,masakhaner2
f1,0.7771283354510801,rw,fraction_hi,masakhaner2
precision,0.636976595145548,tw,fraction_hi,AfriSenti-Twitter
recall,0.6543730242360379,tw,fraction_hi,AfriSenti-Twitter
f1,0.6455576316080499,tw,fraction_hi,AfriSenti-Twitter
precision,0.8160269445468545,tw,fraction_hi,masakhapos
recall,0.8237814299761202,tw,fraction_hi,masakhapos
f1,0.8198858521788013,tw,fraction_hi,masakhapos
precision,0.7200520833333334,tw,fraction_hi,masakhaner2
recall,0.7523809523809524,tw,fraction_hi,masakhaner2
f1,0.7358616101131071,tw,fraction_hi,masakhaner2
precision,0.8887918019910908,lg,fraction_hi,masakhapos
recall,0.8969072164948454,lg,fraction_hi,masakhapos
f1,0.8928310682985856,lg,fraction_hi,masakhapos
precision,0.8192161820480405,lg,fraction_hi,masakhaner2
recall,0.8575209528010587,lg,fraction_hi,masakhaner2
f1,0.8379310344827587,lg,fraction_hi,masakhaner2
precision,0.9270035134781291,wo,fraction_hi,masakhapos
recall,0.9279382986071141,wo,fraction_hi,masakhapos
f1,0.9274706705033633,wo,fraction_hi,masakhapos
precision,0.7137659187386295,wo,fraction_hi,masakhaner2
recall,0.7738330046022354,wo,fraction_hi,masakhaner2
f1,0.7425867507886436,wo,fraction_hi,masakhaner2
precision,0.8803564837508608,tn,fraction_hi,masakhapos
recall,0.8821132953957579,tn,fraction_hi,masakhapos
f1,0.8812340139874719,tn,fraction_hi,masakhapos
precision,0.7496902106567535,tn,fraction_hi,masakhaner2
recall,0.8034528552456839,tn,fraction_hi,masakhaner2
f1,0.7756410256410257,tn,fraction_hi,masakhaner2
precision,0.7936199423083329,ny,fraction_hi,masakhapos
recall,0.8030148706457527,ny,fraction_hi,masakhapos
f1,0.7982897656296338,ny,fraction_hi,masakhapos
precision,0.8619102416570771,ny,fraction_hi,masakhaner2
recall,0.8679026651216686,ny,fraction_hi,masakhaner2
f1,0.8648960739030022,ny,fraction_hi,masakhaner2
precision,0.8807733079280248,ee,fraction_hi,masakhapos
recall,0.8801869693789945,ee,fraction_hi,masakhapos
f1,0.8804800410383338,ee,fraction_hi,masakhapos
precision,0.7521367521367521,ee,fraction_hi,masakhaner2
recall,0.8273504273504273,ee,fraction_hi,masakhaner2
f1,0.7879527879527879,ee,fraction_hi,masakhaner2
precision,0.8912698633928636,bm,fraction_hi,masakhapos
recall,0.8943760399334443,bm,fraction_hi,masakhapos
f1,0.8928202500265408,bm,fraction_hi,masakhapos
precision,0.7473598700243704,bm,fraction_hi,masakhaner2
recall,0.703902065799541,bm,fraction_hi,masakhaner2
f1,0.7249802994483846,bm,fraction_hi,masakhaner2
precision,0.4920163931714418,ts,fraction_hi,AfriSenti-Twitter
recall,0.5,ts,fraction_hi,AfriSenti-Twitter
f1,0.49597607111963393,ts,fraction_hi,AfriSenti-Twitter
precision,0.8821617792537757,fon,fraction_hi,masakhapos
recall,0.883156988811826,fon,fraction_hi,masakhapos
f1,0.8826591035049771,fon,fraction_hi,masakhapos
precision,0.6791406791406791,fon,fraction_hi,masakhaner2
recall,0.7503828483920367,fon,fraction_hi,masakhaner2
f1,0.7129865405602037,fon,fraction_hi,masakhaner2
